Name,Current_Job_Title,Target_Job_Description,Role_Label
Akash Pillai,Developer,Seeking a challenging role as a Software Developer where I can apply my skills and knowledge to contribute to organizational success and professional growth.,Software Engineer
Charlotte Taylor,Cybersecurity Engineer,Targeting a Cybersecurity Engineer position to utilize my educational background and experience to drive results and achieve career objectives.,Cybersecurity Engineer
James Zhou,Prompt Engineer,Targeting a Prompt Engineer position to utilize my educational background and experience to drive results and achieve career objectives.,Prompt Engineer
Amelia Thomas,AI Engineer,"Targeting a Data Scientist position where I can utilize my expertise in Python, R, SQL, and machine learning algorithms to solve business challenges through data analysis and predictive modeling.",AI Engineer
Amanda Jain,Cybersecurity Engineer,Looking for an opportunity as a Prompt Engineer to leverage my expertise in electronics engineering and make a meaningful impact in the industry.,Cybersecurity Engineer
Sarah Nair,Unspecified Role,Targeting a Quantum Computing Specialist position to utilize my educational background and experience to drive results and achieve career objectives.,Other
Rahul Patel,Developer,Seeking a challenging role as a Backend Developer where I can apply my skills and knowledge to contribute to organizational success and professional growth.,Software Engineer
Aisha Anderson,Product Manager,"Seeking a Product Manager position to drive product strategy, define roadmaps, and collaborate with engineering and design teams to deliver successful products.",Other
Jessica Jackson,Data Scientist,"Looking for an opportunity as a Data Scientist to work with large datasets, build predictive models, and communicate findings to stakeholders through compelling visualizations and reports.",Data Scientist
Jackson Patel,Quantum Computing Specialist,Targeting a Quantum Computing Specialist position to utilize my educational background and experience to drive results and achieve career objectives.,Other
Rohan Park,Engineer,"Seeking a Software Engineer position to develop high-quality, scalable software solutions using modern programming languages and development methodologies.",Other
Sneha Gupta,Product Manager,"Seeking a Product Manager position to drive product strategy, define roadmaps, and collaborate with engineering and design teams to deliver successful products.",Other
Aadhya White,Cloud Architect,Targeting a Quantum Computing Specialist position to utilize my educational background and experience to drive results and achieve career objectives.,Cloud Architect
Rohan Martinez,Engineer,Looking for an opportunity as a Blockchain Engineer to leverage my expertise in software engineering and make a meaningful impact in the industry.,Other
Sneha Rao,Blockchain Engineer,Seeking a challenging role as a Blockchain Engineer where I can apply my skills and knowledge to contribute to organizational success and professional growth.,Other
Ashley Mittal,Unspecified Role,Seeking a challenging role as a Quantum Computing Specialist where I can apply my skills and knowledge to contribute to organizational success and professional growth.,Other
Benjamin Zhou,Machine Learning Engineer,Seeking a challenging role as a Machine Learning Engineer where I can apply my skills and knowledge to contribute to organizational success and professional growth.,Machine Learning Engineer
Priya Jones,Product Manager,"Seeking a Product Manager position to drive product strategy, define roadmaps, and collaborate with engineering and design teams to deliver successful products.",Other
Ava Johnson,Site Reliability Engineer,Looking for an opportunity as a Site Reliability Engineer to leverage my expertise in electrical engineering and make a meaningful impact in the industry.,Other
Aisha Park,Unspecified Role,Looking for a UI/UX Designer position where I can combine creativity with analytical thinking to design user-centered interfaces that solve real problems.,Other
Isabella Brown,Developer,Seeking a challenging role as a Mobile Applications Developer where I can apply my skills and knowledge to contribute to organizational success and professional growth.,Software Engineer
Jackson Reddy,Software Developer,Looking for an opportunity as a Software Developer to leverage my expertise in electronics engineering and make a meaningful impact in the industry.,Software Engineer
Arjun White,Engineer,Looking for an opportunity as a Prompt Engineer to leverage my expertise in electrical engineering and make a meaningful impact in the industry.,Other
Ethan Patel,Engineer,Looking for an opportunity as a Prompt Engineer to leverage my expertise in cybersecurity and make a meaningful impact in the industry.,Other
Alexander Zhou,Developer,Looking for an opportunity as a Full-Stack Developer to leverage my expertise in electrical engineering and make a meaningful impact in the industry.,Software Engineer
Jessica Chen,Machine Learning Engineer,Looking for an opportunity as a Machine Learning Engineer to leverage my expertise in machine learning and make a meaningful impact in the industry.,Machine Learning Engineer
Ava Gupta,Big Data Engineer,Seeking a challenging role as a Big Data Engineer where I can apply my skills and knowledge to contribute to organizational success and professional growth.,Other
Evelyn Wang,Frontend Developer,Targeting a Frontend Developer position to utilize my educational background and experience to drive results and achieve career objectives.,Software Engineer
Olivia Patel,Engineer,"Looking for a Cloud Engineer role where I can architect cloud solutions, automate deployments, and optimize cloud resources for performance and cost-efficiency.",Other
Charlotte Lee,MLOps Specialist,Seeking a challenging role as a MLOps Specialist where I can apply my skills and knowledge to contribute to organizational success and professional growth.,Other
Rahul Wilson,Prompt Engineer,Targeting a Prompt Engineer position to utilize my educational background and experience to drive results and achieve career objectives.,Prompt Engineer
Matthew Rao,Full-Stack Developer,Seeking a challenging role as a Full-Stack Developer where I can apply my skills and knowledge to contribute to organizational success and professional growth.,Software Engineer
Ankit Zhang,Frontend Developer,Seeking a challenging role as a Frontend Developer where I can apply my skills and knowledge to contribute to organizational success and professional growth.,Software Engineer
Aditi Pillai,Unspecified Role,Seeking a challenging role as a AI Ethics Officer where I can apply my skills and knowledge to contribute to organizational success and professional growth.,Other
Amelia Rao,Site Reliability Engineer,Looking for an opportunity as a Machine Learning Engineer to leverage my expertise in computer science and make a meaningful impact in the industry.,Other
Meera Venkatesh,Software Engineer,"Seeking a Software Engineer position to develop high-quality, scalable software solutions using modern programming languages and development methodologies.",Software Engineer
Isabella Liu,Developer,Looking for an opportunity as a Backend Developer to leverage my expertise in information technology and make a meaningful impact in the industry.,Software Engineer
Diya Yang,Frontend Developer,Seeking a challenging role as a Frontend Developer where I can apply my skills and knowledge to contribute to organizational success and professional growth.,Software Engineer
Christopher Krishnan,Engineer,Seeking a challenging role as a Blockchain Engineer where I can apply my skills and knowledge to contribute to organizational success and professional growth.,Other
Emily Martin,Unspecified Role,Looking for an opportunity as a Quantum Computing Specialist to leverage my expertise in artificial intelligence and make a meaningful impact in the industry.,Other
Michael Kumar,Engineer,Targeting a Cybersecurity Engineer position to utilize my educational background and experience to drive results and achieve career objectives.,Other
Michael Gupta,Blockchain Engineer,Looking for an opportunity as a Cybersecurity Engineer to leverage my expertise in information technology and make a meaningful impact in the industry.,Other
Emily Nair,Software Developer,Targeting a Software Developer position to utilize my educational background and experience to drive results and achieve career objectives.,Software Engineer
David Mittal,Prompt Engineer,Looking for an opportunity as a Prompt Engineer to leverage my expertise in electrical engineering and make a meaningful impact in the industry.,Prompt Engineer
Emily Venkatesh,Data Scientist,Looking for an opportunity as a Backend Developer to leverage my expertise in cybersecurity and make a meaningful impact in the industry.,Data Scientist
Aditi Rodriguez,Unspecified Role,Looking for an opportunity as a MLOps Specialist to leverage my expertise in data science and make a meaningful impact in the industry.,Other
Jessica Sharma,Cybersecurity Analyst,"Targeting a Cybersecurity Analyst role to contribute to the development and maintenance of robust security frameworks, policies, and procedures.",Cybersecurity Engineer
Amelia Davis,Scientist,"Targeting a Data Scientist position where I can utilize my expertise in Python, R, SQL, and machine learning algorithms to solve business challenges through data analysis and predictive modeling.",Other
Charlotte Zhang,Mobile Applications Developer,Seeking a challenging role as a Site Reliability Engineer where I can apply my skills and knowledge to contribute to organizational success and professional growth.,Software Engineer
Arya Wu,Quantum Computing Specialist,Targeting a Quantum Computing Specialist position to utilize my educational background and experience to drive results and achieve career objectives.,Other
Aisha Lee,Cloud Engineer,"Targeting a Cloud Engineer position to contribute to cloud migration projects and build resilient, scalable cloud-native applications.",Cloud Architect
Ananya Rao,Scientist,"Looking for an opportunity as a Data Scientist to work with large datasets, build predictive models, and communicate findings to stakeholders through compelling visualizations and reports.",Other
Akash Park,Scientist,"Seeking a Data Scientist role to apply statistical analysis, machine learning, and data visualization techniques to extract meaningful insights from complex datasets and drive data-driven decision making.",Other
Arjun Menon,Engineer,Targeting a Machine Learning Engineer position to utilize my educational background and experience to drive results and achieve career objectives.,Other
Michael Iyer,Big Data Engineer,Looking for an opportunity as a Big Data Engineer to leverage my expertise in machine learning and make a meaningful impact in the industry.,Other
Aisha Gupta,Engineer,Targeting a Blockchain Engineer position to utilize my educational background and experience to drive results and achieve career objectives.,Other
Amanda Brown,Prompt Engineer,Targeting a Prompt Engineer position to utilize my educational background and experience to drive results and achieve career objectives.,Prompt Engineer
Joshua Thomas,Big Data Engineer,Looking for an opportunity as a Quantum Computing Specialist to leverage my expertise in information systems and make a meaningful impact in the industry.,Other
Meera Jones,Cloud Architect,Seeking a challenging role as a Cloud Architect where I can apply my skills and knowledge to contribute to organizational success and professional growth.,Cloud Architect
Joshua Iyer,Engineer,"Looking for a DevOps Engineer position where I can streamline software deployment processes, improve system reliability, and foster a culture of continuous integration and delivery.",Other
Jessica Jackson,Blockchain Engineer,"Seeking a Software Engineer position to develop high-quality, scalable software solutions using modern programming languages and development methodologies.",Other
Aadhya Rao,Software Developer,Looking for an opportunity as a Quantum Computing Specialist to leverage my expertise in artificial intelligence and make a meaningful impact in the industry.,Software Engineer
Meera Moore,Full-Stack Developer,Looking for an opportunity as a Full-Stack Developer to leverage my expertise in information technology and make a meaningful impact in the industry.,Software Engineer
Mason Yang,Cybersecurity Analyst,"Targeting a Cybersecurity Analyst role to contribute to the development and maintenance of robust security frameworks, policies, and procedures.",Cybersecurity Engineer
Rahul White,Developer,Seeking a challenging role as a Backend Developer where I can apply my skills and knowledge to contribute to organizational success and professional growth.,Software Engineer
Charlotte Rodriguez,Cloud Architect,Targeting a Cloud Architect position to utilize my educational background and experience to drive results and achieve career objectives.,Cloud Architect
Ethan Thompson,Cloud Architect,Looking for an opportunity as a Big Data Engineer to leverage my expertise in cybersecurity and make a meaningful impact in the industry.,Cloud Architect
Akash Srinivasan,Cybersecurity Engineer,Seeking a challenging role as a Cybersecurity Engineer where I can apply my skills and knowledge to contribute to organizational success and professional growth.,Cybersecurity Engineer
Emily Zhou,Engineer,Looking for an opportunity as a Machine Learning Engineer to leverage my expertise in software engineering and make a meaningful impact in the industry.,Other
Arya Smith,Software Engineer,Looking for an opportunity as a Mobile Applications Developer to leverage my expertise in software engineering and make a meaningful impact in the industry.,Software Engineer
Christopher Krishnan,Unspecified Role,Seeking a challenging role as a MLOps Specialist where I can apply my skills and knowledge to contribute to organizational success and professional growth.,Other
Lucas Thompson,Manager,"Seeking a Product Manager position to drive product strategy, define roadmaps, and collaborate with engineering and design teams to deliver successful products.",Other
Matthew Kim,AI Ethics Officer,Seeking a challenging role as a AI Ethics Officer where I can apply my skills and knowledge to contribute to organizational success and professional growth.,Other
Michael Lee,Cloud Architect,Looking for an opportunity as a Cloud Architect to leverage my expertise in machine learning and make a meaningful impact in the industry.,Cloud Architect
Aisha Iyer,Quantum Computing Specialist,Seeking a challenging role as a Quantum Computing Specialist where I can apply my skills and knowledge to contribute to organizational success and professional growth.,Other
Benjamin Menon,Mobile Applications Developer,Seeking a challenging role as a Mobile Applications Developer where I can apply my skills and knowledge to contribute to organizational success and professional growth.,Software Engineer
Samantha Kim,Cybersecurity Engineer,Targeting a Cybersecurity Engineer position to utilize my educational background and experience to drive results and achieve career objectives.,Cybersecurity Engineer
Harper Gupta,Unspecified Role,Targeting a Quantum Computing Specialist position to utilize my educational background and experience to drive results and achieve career objectives.,Other
Benjamin Venkatesh,Cybersecurity Analyst,"Targeting a Cybersecurity Analyst role to contribute to the development and maintenance of robust security frameworks, policies, and procedures.",Cybersecurity Engineer
Ethan Thomas,Machine Learning Engineer,Seeking a challenging role as a Machine Learning Engineer where I can apply my skills and knowledge to contribute to organizational success and professional growth.,Machine Learning Engineer
Arjun Patel,Analyst,"Seeking a Cybersecurity Analyst position to protect organizational assets by implementing security measures, conducting vulnerability assessments, and responding to security incidents.",Other
Arjun Garcia,Big Data Engineer,Targeting a Big Data Engineer position to utilize my educational background and experience to drive results and achieve career objectives.,Other
Vikram Taylor,Cybersecurity Analyst,Targeting a Machine Learning Engineer position to utilize my educational background and experience to drive results and achieve career objectives.,Cybersecurity Engineer
Rohan Davis,Analyst,"Targeting a Cybersecurity Analyst role to contribute to the development and maintenance of robust security frameworks, policies, and procedures.",Other
Michael Venkatesh,Quantum Computing Specialist,Looking for an opportunity as a Quantum Computing Specialist to leverage my expertise in electronics engineering and make a meaningful impact in the industry.,Other
Matthew Wilson,Site Reliability Engineer,Looking for an opportunity as a Big Data Engineer to leverage my expertise in software engineering and make a meaningful impact in the industry.,Other
Meera Zhang,MLOps Specialist,Seeking a challenging role as a MLOps Specialist where I can apply my skills and knowledge to contribute to organizational success and professional growth.,Other
Harper Bansal,Blockchain Engineer,Seeking a challenging role as a Big Data Engineer where I can apply my skills and knowledge to contribute to organizational success and professional growth.,Other
Ananya Moore,Engineer,Looking for an opportunity as a Machine Learning Engineer to leverage my expertise in cybersecurity and make a meaningful impact in the industry.,Other
Karan Wilson,Unspecified Role,"Targeting a UI/UX Designer role to contribute to the entire design process from concept to implementation, ensuring optimal user satisfaction and usability.",Other
Priya Miller,Data Scientist,"Targeting a Data Scientist position where I can utilize my expertise in Python, R, SQL, and machine learning algorithms to solve business challenges through data analysis and predictive modeling.",Data Scientist
Arjun Iyer,Frontend Developer,Targeting a AI Ethics Officer position to utilize my educational background and experience to drive results and achieve career objectives.,Software Engineer
Matthew Rao,Engineer,Looking for an opportunity as a Blockchain Engineer to leverage my expertise in robotics and make a meaningful impact in the industry.,Other
Ethan Kim,Unspecified Role,Seeking a challenging role as a Quantum Computing Specialist where I can apply my skills and knowledge to contribute to organizational success and professional growth.,Other
Michael Anderson,Engineer,"Targeting an AI Engineer position to contribute to the development of intelligent systems using Python, TensorFlow, and PyTorch. Eager to work on large-scale AI projects in a collaborative environment.",Other
Joshua Zhang,Data Scientist,"Looking for an opportunity as a Data Scientist to work with large datasets, build predictive models, and communicate findings to stakeholders through compelling visualizations and reports.",Data Scientist
Emma Zhang,AI Engineer,"Aspiring to join a dynamic team as an AI Engineer where I can leverage my expertise in deep learning, natural language processing, and computer vision to build innovative AI products and services.",AI Engineer
Alexander Garcia,Software Developer,Seeking a challenging role as a Software Developer where I can apply my skills and knowledge to contribute to organizational success and professional growth.,Software Engineer
Arjun Reddy,Engineer,Looking for an opportunity as a Big Data Engineer to leverage my expertise in electrical engineering and make a meaningful impact in the industry.,Other
Vikram Thompson,AI Ethics Officer,Looking for an opportunity as a AI Ethics Officer to leverage my expertise in electrical engineering and make a meaningful impact in the industry.,Other
Ava Sharma,Site Reliability Engineer,Seeking a challenging role as a Site Reliability Engineer where I can apply my skills and knowledge to contribute to organizational success and professional growth.,Other
Christopher Park,Cloud Engineer,"Seeking a Cloud Engineer position to design, implement, and maintain scalable cloud infrastructure using AWS, Azure, or Google Cloud Platform.",Cloud Architect
Evelyn Taylor,Engineer,"Targeting a Cloud Engineer position to contribute to cloud migration projects and build resilient, scalable cloud-native applications.",Other
Christopher Liu,MLOps Specialist,Seeking a challenging role as a Mobile Applications Developer where I can apply my skills and knowledge to contribute to organizational success and professional growth.,Other
Michael Martinez,Machine Learning Engineer,"Targeting a DevOps Engineer role to work with containerization technologies, configuration management tools, and cloud platforms to optimize software delivery.",Machine Learning Engineer
Michael Martin,Blockchain Engineer,Seeking a challenging role as a Blockchain Engineer where I can apply my skills and knowledge to contribute to organizational success and professional growth.,Other
Samantha Srinivasan,Software Engineer,"Looking for a Software Engineer role where I can contribute to full-stack development, write clean and maintainable code, and collaborate with cross-functional teams.",Software Engineer
Kavya Kim,Unspecified Role,Targeting a AI Ethics Officer position to utilize my educational background and experience to drive results and achieve career objectives.,Other
Aryan Srinivasan,Prompt Engineer,Targeting a Prompt Engineer position to utilize my educational background and experience to drive results and achieve career objectives.,Prompt Engineer
Kavya Rao,Unspecified Role,Seeking a challenging role as a MLOps Specialist where I can apply my skills and knowledge to contribute to organizational success and professional growth.,Other
Sneha White,Architect,Seeking a challenging role as a Cloud Architect where I can apply my skills and knowledge to contribute to organizational success and professional growth.,Other
Vikram Mittal,Engineer,Targeting a Big Data Engineer position to utilize my educational background and experience to drive results and achieve career objectives.,Other
Samantha Singh,Unspecified Role,Seeking a challenging role as a AI Ethics Officer where I can apply my skills and knowledge to contribute to organizational success and professional growth.,Other
Ashley Krishnan,Backend Developer,Seeking a challenging role as a Backend Developer where I can apply my skills and knowledge to contribute to organizational success and professional growth.,Software Engineer
Meera Hernandez,Engineer,Looking for an opportunity as a Machine Learning Engineer to leverage my expertise in robotics and make a meaningful impact in the industry.,Other
Ethan Rao,Engineer,Looking for an opportunity as a Site Reliability Engineer to leverage my expertise in artificial intelligence and make a meaningful impact in the industry.,Other
James Thomas,Developer,Looking for an opportunity as a Mobile Applications Developer to leverage my expertise in computer engineering and make a meaningful impact in the industry.,Software Engineer
Rohan Gupta,AI Engineer,"Aspiring to join a dynamic team as an AI Engineer where I can leverage my expertise in deep learning, natural language processing, and computer vision to build innovative AI products and services.",AI Engineer
Lucas Martin,Blockchain Engineer,Looking for an opportunity as a Blockchain Engineer to leverage my expertise in cybersecurity and make a meaningful impact in the industry.,Other
David Subramanian,Engineer,Targeting a Software Engineer position to work on challenging technical problems and build innovative applications that deliver value to users.,Other
Olivia Srinivasan,Engineer,"Targeting an AI Engineer position to contribute to the development of intelligent systems using Python, TensorFlow, and PyTorch. Eager to work on large-scale AI projects in a collaborative environment.",Other
Priya Srinivasan,Site Reliability Engineer,Looking for an opportunity as a Site Reliability Engineer to leverage my expertise in robotics and make a meaningful impact in the industry.,Other
Sophia Nair,Software Developer,Targeting a Software Developer position to utilize my educational background and experience to drive results and achieve career objectives.,Software Engineer
Arya Taylor,Unspecified Role,Targeting a MLOps Specialist position to utilize my educational background and experience to drive results and achieve career objectives.,Other
Jackson Iyer,Engineer,Seeking a challenging role as a Site Reliability Engineer where I can apply my skills and knowledge to contribute to organizational success and professional growth.,Other
Noah Davis,Software Developer,Targeting a Software Developer position to utilize my educational background and experience to drive results and achieve career objectives.,Software Engineer
Amelia Srinivasan,Architect,Looking for an opportunity as a Cloud Architect to leverage my expertise in machine learning and make a meaningful impact in the industry.,Other
Ashley Mittal,AI Ethics Officer,Seeking a challenging role as a Software Developer where I can apply my skills and knowledge to contribute to organizational success and professional growth.,Other
Olivia Hernandez,Backend Developer,Targeting a Backend Developer position to utilize my educational background and experience to drive results and achieve career objectives.,Software Engineer
Ankit Davis,Unspecified Role,Looking for an opportunity as a Quantum Computing Specialist to leverage my expertise in cybersecurity and make a meaningful impact in the industry.,Other
Ava Taylor,Product Manager,Targeting a Product Manager position to lead cross-functional teams in building products that meet customer needs and achieve business objectives.,Other
Isabella Rodriguez,Developer,Looking for an opportunity as a Backend Developer to leverage my expertise in information systems and make a meaningful impact in the industry.,Software Engineer
Jackson Wu,Cybersecurity Engineer,Targeting a Cybersecurity Engineer position to utilize my educational background and experience to drive results and achieve career objectives.,Cybersecurity Engineer
Ashley Taylor,Software Engineer,"Looking for a Software Engineer role where I can contribute to full-stack development, write clean and maintainable code, and collaborate with cross-functional teams.",Software Engineer
Aadhya Jackson,AI Engineer,"Seeking a UI/UX Designer role to create intuitive and engaging user experiences through user research, wireframing, prototyping, and visual design.",AI Engineer
Priya Patel,Mobile Applications Developer,Looking for an opportunity as a Mobile Applications Developer to leverage my expertise in electronics engineering and make a meaningful impact in the industry.,Software Engineer
Mason Bansal,Cybersecurity Analyst,Seeking a challenging role as a Machine Learning Engineer where I can apply my skills and knowledge to contribute to organizational success and professional growth.,Cybersecurity Engineer
Samantha Jain,Engineer,Seeking a challenging role as a Prompt Engineer where I can apply my skills and knowledge to contribute to organizational success and professional growth.,Other
Vikram Subramanian,Engineer,Looking for an opportunity as a Cybersecurity Engineer to leverage my expertise in computer engineering and make a meaningful impact in the industry.,Other
James Bansal,Site Reliability Engineer,Targeting a Backend Developer position to utilize my educational background and experience to drive results and achieve career objectives.,Other
Kavya Menon,Cybersecurity Analyst,"Targeting a Cybersecurity Analyst role to contribute to the development and maintenance of robust security frameworks, policies, and procedures.",Cybersecurity Engineer
Aditi Martinez,Cloud Engineer,"Looking for a Cloud Engineer role where I can architect cloud solutions, automate deployments, and optimize cloud resources for performance and cost-efficiency.",Cloud Architect
Harper Davis,Engineer,Looking for an opportunity as a Cybersecurity Engineer to leverage my expertise in electrical engineering and make a meaningful impact in the industry.,Other
Andrew Agarwal,Prompt Engineer,Looking for an opportunity as a MLOps Specialist to leverage my expertise in data science and make a meaningful impact in the industry.,Prompt Engineer
Ankit Nair,Product Manager,"Targeting a Data Scientist position where I can utilize my expertise in Python, R, SQL, and machine learning algorithms to solve business challenges through data analysis and predictive modeling.",Other
Rahul Zhou,UI/UX Designer,"Seeking a Product Manager position to drive product strategy, define roadmaps, and collaborate with engineering and design teams to deliver successful products.",Other
Vikram Garcia,Developer,Looking for an opportunity as a Frontend Developer to leverage my expertise in software engineering and make a meaningful impact in the industry.,Software Engineer
Aisha Srinivasan,Product Manager,"Seeking a Product Manager position to drive product strategy, define roadmaps, and collaborate with engineering and design teams to deliver successful products.",Other
Ethan White,Engineer,Targeting a Software Engineer position to work on challenging technical problems and build innovative applications that deliver value to users.,Other
Jackson Taylor,Blockchain Engineer,Seeking a challenging role as a Blockchain Engineer where I can apply my skills and knowledge to contribute to organizational success and professional growth.,Other
Andrew Jones,Developer,Looking for an opportunity as a Backend Developer to leverage my expertise in cybersecurity and make a meaningful impact in the industry.,Software Engineer
Ankit Singh,Engineer,Targeting a Site Reliability Engineer position to utilize my educational background and experience to drive results and achieve career objectives.,Other
Karan Venkatesh,Quantum Computing Specialist,Looking for an opportunity as a Quantum Computing Specialist to leverage my expertise in artificial intelligence and make a meaningful impact in the industry.,Other
Benjamin Krishnan,Engineer,"Targeting an AI Engineer position to contribute to the development of intelligent systems using Python, TensorFlow, and PyTorch. Eager to work on large-scale AI projects in a collaborative environment.",Other
Jackson Davis,Software Developer,Seeking a challenging role as a Software Developer where I can apply my skills and knowledge to contribute to organizational success and professional growth.,Software Engineer
Rahul Singh,MLOps Specialist,"Aspiring to join a dynamic team as an AI Engineer where I can leverage my expertise in deep learning, natural language processing, and computer vision to build innovative AI products and services.",Other
Aisha Thomas,Prompt Engineer,Targeting a Prompt Engineer position to utilize my educational background and experience to drive results and achieve career objectives.,Prompt Engineer
Ashley Rodriguez,Software Developer,Seeking a challenging role as a Software Developer where I can apply my skills and knowledge to contribute to organizational success and professional growth.,Software Engineer
Matthew Park,Big Data Engineer,"Targeting an AI Engineer position to contribute to the development of intelligent systems using Python, TensorFlow, and PyTorch. Eager to work on large-scale AI projects in a collaborative environment.",Other
Samantha Chen,Frontend Developer,Looking for a UI/UX Designer position where I can combine creativity with analytical thinking to design user-centered interfaces that solve real problems.,Software Engineer
David Smith,Machine Learning Engineer,Looking for an opportunity as a Prompt Engineer to leverage my expertise in information technology and make a meaningful impact in the industry.,Machine Learning Engineer
Aadhya Jackson,Cloud Architect,Seeking a challenging role as a Cloud Architect where I can apply my skills and knowledge to contribute to organizational success and professional growth.,Cloud Architect
Ava Thompson,Backend Developer,Seeking a challenging role as a Software Developer where I can apply my skills and knowledge to contribute to organizational success and professional growth.,Software Engineer
Priya Martinez,Data Scientist,"Looking for an opportunity as a Data Scientist to work with large datasets, build predictive models, and communicate findings to stakeholders through compelling visualizations and reports.",Data Scientist
James Zhang,Unspecified Role,Targeting a Quantum Computing Specialist position to utilize my educational background and experience to drive results and achieve career objectives.,Other
Aryan Wu,UI/UX Designer,"Targeting a UI/UX Designer role to contribute to the entire design process from concept to implementation, ensuring optimal user satisfaction and usability.",Other
Priya Davis,Unspecified Role,Looking for a UI/UX Designer position where I can combine creativity with analytical thinking to design user-centered interfaces that solve real problems.,Other
Noah Martin,Blockchain Engineer,"Targeting a Data Scientist position where I can utilize my expertise in Python, R, SQL, and machine learning algorithms to solve business challenges through data analysis and predictive modeling.",Other
Amelia Lee,Software Engineer,Seeking a challenging role as a AI Ethics Officer where I can apply my skills and knowledge to contribute to organizational success and professional growth.,Software Engineer
David Jones,Frontend Developer,Targeting a MLOps Specialist position to utilize my educational background and experience to drive results and achieve career objectives.,Software Engineer
Lucas Jackson,Mobile Applications Developer,Targeting a Mobile Applications Developer position to utilize my educational background and experience to drive results and achieve career objectives.,Software Engineer
Samantha Garcia,Backend Developer,Targeting a Backend Developer position to utilize my educational background and experience to drive results and achieve career objectives.,Software Engineer
Priya Park,Backend Developer,Looking for an opportunity as a Backend Developer to leverage my expertise in software engineering and make a meaningful impact in the industry.,Software Engineer
Charlotte Miller,Unspecified Role,Seeking a challenging role as a AI Ethics Officer where I can apply my skills and knowledge to contribute to organizational success and professional growth.,Other
Arjun Williams,Machine Learning Engineer,Seeking a challenging role as a Machine Learning Engineer where I can apply my skills and knowledge to contribute to organizational success and professional growth.,Machine Learning Engineer
Rahul Wu,Product Manager,Seeking a challenging role as a Cybersecurity Engineer where I can apply my skills and knowledge to contribute to organizational success and professional growth.,Other
Alexander Nair,UI/UX Designer,"Seeking a UI/UX Designer role to create intuitive and engaging user experiences through user research, wireframing, prototyping, and visual design.",Other
Amanda Verma,Developer,Seeking a challenging role as a Frontend Developer where I can apply my skills and knowledge to contribute to organizational success and professional growth.,Software Engineer
Ashley Jain,Engineer,Looking for an opportunity as a Blockchain Engineer to leverage my expertise in information systems and make a meaningful impact in the industry.,Other
Ankit Agarwal,Backend Developer,Looking for an opportunity as a MLOps Specialist to leverage my expertise in computer engineering and make a meaningful impact in the industry.,Software Engineer
Arya Gupta,Prompt Engineer,"Seeking a Cloud Engineer position to design, implement, and maintain scalable cloud infrastructure using AWS, Azure, or Google Cloud Platform.",Prompt Engineer
Samantha Singh,Site Reliability Engineer,Seeking a challenging role as a Prompt Engineer where I can apply my skills and knowledge to contribute to organizational success and professional growth.,Other
Ashley Zhang,engineer,Looking for an opportunity as a AI Ethics Officer to leverage my expertise in electrical engineering and make a meaningful impact in the industry.,Other
David Wilson,Software Developer,Targeting a Software Developer position to utilize my educational background and experience to drive results and achieve career objectives.,Software Engineer
Emma Nair,AI Ethics Officer,Looking for an opportunity as a AI Ethics Officer to leverage my expertise in information technology and make a meaningful impact in the industry.,Other
Michael Singh,Cloud Architect,Targeting a Cloud Architect position to utilize my educational background and experience to drive results and achieve career objectives.,Cloud Architect
Charlotte Liu,Product Manager,"Seeking a Product Manager position to drive product strategy, define roadmaps, and collaborate with engineering and design teams to deliver successful products.",Other
Amelia Brown,Site Reliability Engineer,Targeting a Site Reliability Engineer position to utilize my educational background and experience to drive results and achieve career objectives.,Other
Andrew Johnson,Cloud Engineer,"Targeting a Cloud Engineer position to contribute to cloud migration projects and build resilient, scalable cloud-native applications.",Cloud Architect
Noah Williams,Engineer,Targeting a Big Data Engineer position to utilize my educational background and experience to drive results and achieve career objectives.,Other
Isabella Jackson,Machine Learning Engineer,Looking for an opportunity as a Machine Learning Engineer to leverage my expertise in artificial intelligence and make a meaningful impact in the industry.,Machine Learning Engineer
Ananya Venkatesh,Cybersecurity Engineer,Targeting a Cybersecurity Engineer position to utilize my educational background and experience to drive results and achieve career objectives.,Cybersecurity Engineer
Matthew Kim,Software Engineer,"Looking for a Software Engineer role where I can contribute to full-stack development, write clean and maintainable code, and collaborate with cross-functional teams.",Software Engineer
Aadhya Anderson,Machine Learning Engineer,Seeking a challenging role as a Machine Learning Engineer where I can apply my skills and knowledge to contribute to organizational success and professional growth.,Machine Learning Engineer
Benjamin Jones,UI/UX Designer,Looking for a UI/UX Designer position where I can combine creativity with analytical thinking to design user-centered interfaces that solve real problems.,Other
Ava Menon,Big Data Engineer,Targeting a Big Data Engineer position to utilize my educational background and experience to drive results and achieve career objectives.,Other
Sarah Zhou,Software Engineer,"Looking for a Software Engineer role where I can contribute to full-stack development, write clean and maintainable code, and collaborate with cross-functional teams.",Software Engineer
Alexander Thompson,Developer,Looking for an opportunity as a Full-Stack Developer to leverage my expertise in computer science and make a meaningful impact in the industry.,Software Engineer
Christopher Martinez,Developer,Targeting a Full-Stack Developer position to utilize my educational background and experience to drive results and achieve career objectives.,Software Engineer
David Thomas,Cloud Engineer,"Seeking a Cloud Engineer position to design, implement, and maintain scalable cloud infrastructure using AWS, Azure, or Google Cloud Platform.",Cloud Architect
Karan Miller,Prompt Engineer,"Looking for an opportunity as a Data Scientist to work with large datasets, build predictive models, and communicate findings to stakeholders through compelling visualizations and reports.",Prompt Engineer
Ethan Anderson,Machine Learning Engineer,Looking for an opportunity as a Machine Learning Engineer to leverage my expertise in electrical engineering and make a meaningful impact in the industry.,Machine Learning Engineer
Priya White,Quantum Computing Specialist,Targeting a Quantum Computing Specialist position to utilize my educational background and experience to drive results and achieve career objectives.,Other
Ava Menon,Engineer,Targeting a Big Data Engineer position to utilize my educational background and experience to drive results and achieve career objectives.,Other
Christopher Smith,DevOps Engineer,"Looking for a DevOps Engineer position where I can streamline software deployment processes, improve system reliability, and foster a culture of continuous integration and delivery.",DevOps Engineer
Evelyn Singh,Unspecified Role,Targeting a MLOps Specialist position to utilize my educational background and experience to drive results and achieve career objectives.,Other
Amelia Taylor,Engineer,"Aspiring to join a dynamic team as an AI Engineer where I can leverage my expertise in deep learning, natural language processing, and computer vision to build innovative AI products and services.",Other
Amanda Jain,Developer,Seeking a challenging role as a Software Developer where I can apply my skills and knowledge to contribute to organizational success and professional growth.,Software Engineer
Ava Johnson,Engineer,Targeting a Cybersecurity Engineer position to utilize my educational background and experience to drive results and achieve career objectives.,Other
Jessica Nair,Mobile Applications Developer,Targeting a Mobile Applications Developer position to utilize my educational background and experience to drive results and achieve career objectives.,Software Engineer
Diya Singh,AI Ethics Officer,Looking for an opportunity as a AI Ethics Officer to leverage my expertise in information technology and make a meaningful impact in the industry.,Other
Priya Zhou,Engineer,Looking for an opportunity as a Site Reliability Engineer to leverage my expertise in information systems and make a meaningful impact in the industry.,Other
Michael Thomas,Blockchain Engineer,Targeting a Blockchain Engineer position to utilize my educational background and experience to drive results and achieve career objectives.,Other
Amelia Yang,Developer,Seeking a challenging role as a Mobile Applications Developer where I can apply my skills and knowledge to contribute to organizational success and professional growth.,Software Engineer
Arya Reddy,Manager,"Seeking a Product Manager position to drive product strategy, define roadmaps, and collaborate with engineering and design teams to deliver successful products.",Other
Olivia Park,Unspecified Role,Targeting a MLOps Specialist position to utilize my educational background and experience to drive results and achieve career objectives.,Other
Olivia Iyer,Quantum Computing Specialist,Targeting a Quantum Computing Specialist position to utilize my educational background and experience to drive results and achieve career objectives.,Other
Isabella Anderson,Developer,Seeking a challenging role as a Software Developer where I can apply my skills and knowledge to contribute to organizational success and professional growth.,Software Engineer
Alexander Lee,Site Reliability Engineer,Looking for an opportunity as a Site Reliability Engineer to leverage my expertise in cybersecurity and make a meaningful impact in the industry.,Other
Noah Krishnan,Software Engineer,"Looking for a Software Engineer role where I can contribute to full-stack development, write clean and maintainable code, and collaborate with cross-functional teams.",Software Engineer
Charlotte Venkatesh,Engineer,Looking for an opportunity as a Blockchain Engineer to leverage my expertise in electrical engineering and make a meaningful impact in the industry.,Other
Ankit Wang,AI Engineer,"Seeking a challenging role as an AI Engineer to develop and implement cutting-edge artificial intelligence solutions. Looking to work on machine learning models, neural networks, and AI-driven applications that solve real-world business problems.",AI Engineer
Michael Wang,Blockchain Engineer,Seeking a challenging role as a Blockchain Engineer where I can apply my skills and knowledge to contribute to organizational success and professional growth.,Other
Sarah Iyer,UI/UX Designer,Looking for a UI/UX Designer position where I can combine creativity with analytical thinking to design user-centered interfaces that solve real problems.,Other
Charlotte Pillai,Cloud Engineer,"Seeking a Cloud Engineer position to design, implement, and maintain scalable cloud infrastructure using AWS, Azure, or Google Cloud Platform.",Cloud Architect
Emma Lee,Big Data Engineer,Seeking a challenging role as a Full-Stack Developer where I can apply my skills and knowledge to contribute to organizational success and professional growth.,Other
Arjun Zhang,Developer,Looking for an opportunity as a Frontend Developer to leverage my expertise in robotics and make a meaningful impact in the industry.,Software Engineer
Vikram Wu,Analyst,"Looking to join a cybersecurity team as an Analyst where I can apply my knowledge of network security, threat detection, and incident response to safeguard digital infrastructure.",Other
Priya White,Frontend Developer,Targeting a Frontend Developer position to utilize my educational background and experience to drive results and achieve career objectives.,Software Engineer
Samantha Bansal,Product Manager,Looking for an opportunity as a Frontend Developer to leverage my expertise in computer science and make a meaningful impact in the industry.,Other
Sarah Garcia,Blockchain Engineer,Seeking a challenging role as a Blockchain Engineer where I can apply my skills and knowledge to contribute to organizational success and professional growth.,Other
Aditi Menon,AI Ethics Officer,Targeting a Blockchain Engineer position to utilize my educational background and experience to drive results and achieve career objectives.,Other
Abhinav Anderson,Cybersecurity Analyst,"Seeking a Cybersecurity Analyst position to protect organizational assets by implementing security measures, conducting vulnerability assessments, and responding to security incidents.",Cybersecurity Engineer
Priya Hernandez,Engineer,Seeking a challenging role as a Cybersecurity Engineer where I can apply my skills and knowledge to contribute to organizational success and professional growth.,Other
Jackson Lee,Software Developer,Seeking a challenging role as a Software Developer where I can apply my skills and knowledge to contribute to organizational success and professional growth.,Software Engineer
Benjamin Kim,Machine Learning Engineer,Targeting a Machine Learning Engineer position to utilize my educational background and experience to drive results and achieve career objectives.,Machine Learning Engineer
Benjamin Wilson,Quantum Computing Specialist,Targeting a Quantum Computing Specialist position to utilize my educational background and experience to drive results and achieve career objectives.,Other
Charlotte Zhou,Backend Developer,Seeking a challenging role as a Backend Developer where I can apply my skills and knowledge to contribute to organizational success and professional growth.,Software Engineer
Olivia Agarwal,Engineer,Seeking a challenging role as a Cybersecurity Engineer where I can apply my skills and knowledge to contribute to organizational success and professional growth.,Other
Evelyn Lee,Big Data Engineer,Targeting a Big Data Engineer position to utilize my educational background and experience to drive results and achieve career objectives.,Other
Jackson Krishnan,Engineer,Targeting a Site Reliability Engineer position to utilize my educational background and experience to drive results and achieve career objectives.,Other
Diya Thompson,Big Data Engineer,Seeking a challenging role as a Big Data Engineer where I can apply my skills and knowledge to contribute to organizational success and professional growth.,Other
Mason Jones,Blockchain Engineer,Looking for an opportunity as a Blockchain Engineer to leverage my expertise in robotics and make a meaningful impact in the industry.,Other
Akash Krishnan,Analyst,"Seeking a Cybersecurity Analyst position to protect organizational assets by implementing security measures, conducting vulnerability assessments, and responding to security incidents.",Other
Joshua Kim,Developer,Targeting a Full-Stack Developer position to utilize my educational background and experience to drive results and achieve career objectives.,Software Engineer
Amelia Thompson,Machine Learning Engineer,Targeting a Product Manager position to lead cross-functional teams in building products that meet customer needs and achieve business objectives.,Machine Learning Engineer
Olivia Rao,Cloud Architect,Looking for an opportunity as a Cloud Architect to leverage my expertise in information systems and make a meaningful impact in the industry.,Cloud Architect
Karan Mittal,Engineer,"Looking for a Software Engineer role where I can contribute to full-stack development, write clean and maintainable code, and collaborate with cross-functional teams.",Other
Noah Yang,Blockchain Engineer,Looking for an opportunity as a Blockchain Engineer to leverage my expertise in information systems and make a meaningful impact in the industry.,Other
Jessica Davis,AI Engineer,"Seeking a challenging role as an AI Engineer to develop and implement cutting-edge artificial intelligence solutions. Looking to work on machine learning models, neural networks, and AI-driven applications that solve real-world business problems.",AI Engineer
Jackson Iyer,DevOps Engineer,"Targeting a DevOps Engineer role to work with containerization technologies, configuration management tools, and cloud platforms to optimize software delivery.",DevOps Engineer
Arjun Gupta,UI/UX Designer,Looking for an opportunity as a Cloud Architect to leverage my expertise in electronics engineering and make a meaningful impact in the industry.,Other
Andrew Mittal,Cybersecurity Analyst,"Seeking a Cybersecurity Analyst position to protect organizational assets by implementing security measures, conducting vulnerability assessments, and responding to security incidents.",Cybersecurity Engineer
Samantha Venkatesh,Manager,"Looking for a Product Manager role where I can leverage market research, user feedback, and data analysis to guide product development decisions.",Other
Samantha Sharma,Full-Stack Developer,Targeting a Software Engineer position to work on challenging technical problems and build innovative applications that deliver value to users.,Software Engineer
Joshua Krishnan,Data Scientist,"Looking for an opportunity as a Data Scientist to work with large datasets, build predictive models, and communicate findings to stakeholders through compelling visualizations and reports.",Data Scientist
Isabella Venkatesh,Developer,Looking for an opportunity as a Mobile Applications Developer to leverage my expertise in software engineering and make a meaningful impact in the industry.,Software Engineer
Ashley Kim,Analyst,"Looking to join a cybersecurity team as an Analyst where I can apply my knowledge of network security, threat detection, and incident response to safeguard digital infrastructure.",Other
Meera Park,Frontend Developer,Targeting a Frontend Developer position to utilize my educational background and experience to drive results and achieve career objectives.,Software Engineer
Aadhya Subramanian,engineer,Looking for an opportunity as a AI Ethics Officer to leverage my expertise in electronics engineering and make a meaningful impact in the industry.,Other
Abhinav Mittal,Cybersecurity Analyst,Looking for a UI/UX Designer position where I can combine creativity with analytical thinking to design user-centered interfaces that solve real problems.,Cybersecurity Engineer
James Thomas,Analyst,"Looking to join a cybersecurity team as an Analyst where I can apply my knowledge of network security, threat detection, and incident response to safeguard digital infrastructure.",Other
Amanda Wang,Engineer,Seeking a challenging role as a Prompt Engineer where I can apply my skills and knowledge to contribute to organizational success and professional growth.,Other
Aarav White,Architect,Looking for an opportunity as a Cloud Architect to leverage my expertise in data science and make a meaningful impact in the industry.,Other
Emily Moore,DevOps Engineer,"Targeting a DevOps Engineer role to work with containerization technologies, configuration management tools, and cloud platforms to optimize software delivery.",DevOps Engineer
Aarav Brown,Prompt Engineer,"Looking to join a cybersecurity team as an Analyst where I can apply my knowledge of network security, threat detection, and incident response to safeguard digital infrastructure.",Prompt Engineer
Akash Rao,MLOps Specialist,"Seeking a Software Engineer position to develop high-quality, scalable software solutions using modern programming languages and development methodologies.",Other
Vikram Chen,Full-Stack Developer,Looking for an opportunity as a Full-Stack Developer to leverage my expertise in machine learning and make a meaningful impact in the industry.,Software Engineer
Olivia Williams,Backend Developer,Seeking a challenging role as a Backend Developer where I can apply my skills and knowledge to contribute to organizational success and professional growth.,Software Engineer
Emma Patel,Cybersecurity Engineer,Targeting a Mobile Applications Developer position to utilize my educational background and experience to drive results and achieve career objectives.,Cybersecurity Engineer
Benjamin Martinez,Quantum Computing Specialist,Targeting a Quantum Computing Specialist position to utilize my educational background and experience to drive results and achieve career objectives.,Other
Ava Thomas,Prompt Engineer,Looking for an opportunity as a Prompt Engineer to leverage my expertise in electronics engineering and make a meaningful impact in the industry.,Prompt Engineer
Matthew Agarwal,Quantum Computing Specialist,Seeking a challenging role as a Quantum Computing Specialist where I can apply my skills and knowledge to contribute to organizational success and professional growth.,Other
Liam Park,Software Developer,Seeking a challenging role as a Software Developer where I can apply my skills and knowledge to contribute to organizational success and professional growth.,Software Engineer
Aryan Wu,Machine Learning Engineer,Looking for an opportunity as a Machine Learning Engineer to leverage my expertise in electronics engineering and make a meaningful impact in the industry.,Machine Learning Engineer
Aditi Thomas,Big Data Engineer,Looking for an opportunity as a Big Data Engineer to leverage my expertise in information systems and make a meaningful impact in the industry.,Other
Arjun Williams,Engineer,Targeting a Site Reliability Engineer position to utilize my educational background and experience to drive results and achieve career objectives.,Other
Michael White,DevOps Engineer,"Seeking a DevOps Engineer role to bridge development and operations teams by implementing CI/CD pipelines, infrastructure automation, and monitoring solutions.",DevOps Engineer
Abhinav Krishnan,AI Ethics Officer,Targeting a AI Ethics Officer position to utilize my educational background and experience to drive results and achieve career objectives.,Other
Aryan Martinez,AI Engineer,"Targeting an AI Engineer position to contribute to the development of intelligent systems using Python, TensorFlow, and PyTorch. Eager to work on large-scale AI projects in a collaborative environment.",AI Engineer
Aditi Park,Backend Developer,Targeting a AI Ethics Officer position to utilize my educational background and experience to drive results and achieve career objectives.,Software Engineer
Jackson Rao,Cybersecurity Analyst,"Seeking a Cybersecurity Analyst position to protect organizational assets by implementing security measures, conducting vulnerability assessments, and responding to security incidents.",Cybersecurity Engineer
Emma White,Unspecified Role,Targeting a Quantum Computing Specialist position to utilize my educational background and experience to drive results and achieve career objectives.,Other
Christopher Singh,Prompt Engineer,Targeting a Cloud Architect position to utilize my educational background and experience to drive results and achieve career objectives.,Prompt Engineer
Aadhya Chen,Unspecified Role,Targeting a MLOps Specialist position to utilize my educational background and experience to drive results and achieve career objectives.,Other
Jessica Brown,Prompt Engineer,"Seeking a Cybersecurity Analyst position to protect organizational assets by implementing security measures, conducting vulnerability assessments, and responding to security incidents.",Prompt Engineer
Lucas Zhou,Engineer,Looking for an opportunity as a Blockchain Engineer to leverage my expertise in computer science and make a meaningful impact in the industry.,Other
Noah Venkatesh,Blockchain Engineer,Targeting a Blockchain Engineer position to utilize my educational background and experience to drive results and achieve career objectives.,Other
Aadhya Nair,Cybersecurity Analyst,"Targeting a Cybersecurity Analyst role to contribute to the development and maintenance of robust security frameworks, policies, and procedures.",Cybersecurity Engineer
Abhinav Hernandez,Cloud Engineer,"Looking for a Cloud Engineer role where I can architect cloud solutions, automate deployments, and optimize cloud resources for performance and cost-efficiency.",Cloud Architect
Aarav Singh,Scientist,"Looking for an opportunity as a Data Scientist to work with large datasets, build predictive models, and communicate findings to stakeholders through compelling visualizations and reports.",Other
Karan Singh,DevOps Engineer,"Looking for a DevOps Engineer position where I can streamline software deployment processes, improve system reliability, and foster a culture of continuous integration and delivery.",DevOps Engineer
Joshua Chen,Software Developer,Seeking a challenging role as a Software Developer where I can apply my skills and knowledge to contribute to organizational success and professional growth.,Software Engineer
Ananya Lee,AI Ethics Officer,Seeking a challenging role as a AI Ethics Officer where I can apply my skills and knowledge to contribute to organizational success and professional growth.,Other
Karan Wang,Cloud Architect,Targeting a Cloud Architect position to utilize my educational background and experience to drive results and achieve career objectives.,Cloud Architect
Sneha Jones,Scientist,"Seeking a Data Scientist role to apply statistical analysis, machine learning, and data visualization techniques to extract meaningful insights from complex datasets and drive data-driven decision making.",Other
Harper Miller,Data Scientist,"Targeting a Data Scientist position where I can utilize my expertise in Python, R, SQL, and machine learning algorithms to solve business challenges through data analysis and predictive modeling.",Data Scientist
Christopher Wilson,Product Manager,"Seeking a Product Manager position to drive product strategy, define roadmaps, and collaborate with engineering and design teams to deliver successful products.",Other
Sarah Taylor,Developer,Seeking a challenging role as a Frontend Developer where I can apply my skills and knowledge to contribute to organizational success and professional growth.,Software Engineer
Meera Pillai,Software Developer,Looking for an opportunity as a AI Ethics Officer to leverage my expertise in information systems and make a meaningful impact in the industry.,Software Engineer
Abhinav Singh,Site Reliability Engineer,Targeting a Site Reliability Engineer position to utilize my educational background and experience to drive results and achieve career objectives.,Other
Aryan Verma,Developer,Looking for an opportunity as a Full-Stack Developer to leverage my expertise in robotics and make a meaningful impact in the industry.,Software Engineer
Joshua Kumar,Software Developer,"Looking for a Cloud Engineer role where I can architect cloud solutions, automate deployments, and optimize cloud resources for performance and cost-efficiency.",Software Engineer
Benjamin Davis,Analyst,"Seeking a Cybersecurity Analyst position to protect organizational assets by implementing security measures, conducting vulnerability assessments, and responding to security incidents.",Other
Evelyn Gupta,Cybersecurity Analyst,"Looking to join a cybersecurity team as an Analyst where I can apply my knowledge of network security, threat detection, and incident response to safeguard digital infrastructure.",Cybersecurity Engineer
Benjamin Martin,Software Engineer,"Looking for a Software Engineer role where I can contribute to full-stack development, write clean and maintainable code, and collaborate with cross-functional teams.",Software Engineer
Emma Miller,Scientist,"Looking for an opportunity as a Data Scientist to work with large datasets, build predictive models, and communicate findings to stakeholders through compelling visualizations and reports.",Other
Meera Bansal,Machine Learning Engineer,Targeting a Quantum Computing Specialist position to utilize my educational background and experience to drive results and achieve career objectives.,Machine Learning Engineer
Kavya Nair,UI/UX Designer,Looking for a UI/UX Designer position where I can combine creativity with analytical thinking to design user-centered interfaces that solve real problems.,Other
Aditi Subramanian,Engineer,Seeking a challenging role as a Blockchain Engineer where I can apply my skills and knowledge to contribute to organizational success and professional growth.,Other
Matthew Jackson,Big Data Engineer,Seeking a challenging role as a Big Data Engineer where I can apply my skills and knowledge to contribute to organizational success and professional growth.,Other
Noah Martinez,Software Developer,Looking for an opportunity as a Software Developer to leverage my expertise in information technology and make a meaningful impact in the industry.,Software Engineer
Rahul Pillai,Cybersecurity Analyst,Targeting a Machine Learning Engineer position to utilize my educational background and experience to drive results and achieve career objectives.,Cybersecurity Engineer
Harper Miller,Cloud Engineer,"Targeting a Cloud Engineer position to contribute to cloud migration projects and build resilient, scalable cloud-native applications.",Cloud Architect
Benjamin Kumar,Unspecified Role,Looking for an opportunity as a MLOps Specialist to leverage my expertise in information technology and make a meaningful impact in the industry.,Other
Ananya Menon,Engineer,Seeking a challenging role as a Machine Learning Engineer where I can apply my skills and knowledge to contribute to organizational success and professional growth.,Other
Arjun Verma,Machine Learning Engineer,Looking for an opportunity as a Machine Learning Engineer to leverage my expertise in cybersecurity and make a meaningful impact in the industry.,Machine Learning Engineer
Ashley Wu,Engineer,Seeking a challenging role as a Site Reliability Engineer where I can apply my skills and knowledge to contribute to organizational success and professional growth.,Other
Mason Park,Engineer,Targeting a Software Engineer position to work on challenging technical problems and build innovative applications that deliver value to users.,Other
Samantha Sharma,DevOps Engineer,"Looking for a DevOps Engineer position where I can streamline software deployment processes, improve system reliability, and foster a culture of continuous integration and delivery.",DevOps Engineer
Ankit White,Developer,Looking for an opportunity as a Frontend Developer to leverage my expertise in cybersecurity and make a meaningful impact in the industry.,Software Engineer
Sophia Pillai,Engineer,"Seeking a Software Engineer position to develop high-quality, scalable software solutions using modern programming languages and development methodologies.",Other
Arya Moore,DevOps Engineer,"Targeting a DevOps Engineer role to work with containerization technologies, configuration management tools, and cloud platforms to optimize software delivery.",DevOps Engineer
Diya Moore,Cloud Engineer,"Targeting a Cloud Engineer position to contribute to cloud migration projects and build resilient, scalable cloud-native applications.",Cloud Architect
Christopher Wilson,Analyst,"Looking to join a cybersecurity team as an Analyst where I can apply my knowledge of network security, threat detection, and incident response to safeguard digital infrastructure.",Other
Ethan Wilson,Engineer,"Targeting a DevOps Engineer role to work with containerization technologies, configuration management tools, and cloud platforms to optimize software delivery.",Other
Meera Reddy,Data Scientist,"Seeking a Data Scientist role to apply statistical analysis, machine learning, and data visualization techniques to extract meaningful insights from complex datasets and drive data-driven decision making.",Data Scientist
Harper Taylor,Manager,"Looking for a Product Manager role where I can leverage market research, user feedback, and data analysis to guide product development decisions.",Other
Jessica Jackson,Software Engineer,"Seeking a challenging role as an AI Engineer to develop and implement cutting-edge artificial intelligence solutions. Looking to work on machine learning models, neural networks, and AI-driven applications that solve real-world business problems.",Software Engineer
Kavya Brown,Developer,Targeting a Full-Stack Developer position to utilize my educational background and experience to drive results and achieve career objectives.,Software Engineer
Mason Nair,Engineer,Targeting a Software Engineer position to work on challenging technical problems and build innovative applications that deliver value to users.,Other
Olivia Thomas,Backend Developer,Seeking a challenging role as a Backend Developer where I can apply my skills and knowledge to contribute to organizational success and professional growth.,Software Engineer
Arya Williams,Developer,Targeting a Mobile Applications Developer position to utilize my educational background and experience to drive results and achieve career objectives.,Software Engineer
Rahul Verma,Cybersecurity Analyst,"Looking to join a cybersecurity team as an Analyst where I can apply my knowledge of network security, threat detection, and incident response to safeguard digital infrastructure.",Cybersecurity Engineer
Emily Srinivasan,Product Manager,"Seeking a Product Manager position to drive product strategy, define roadmaps, and collaborate with engineering and design teams to deliver successful products.",Other
Charlotte Reddy,UI/UX Designer,Looking for an opportunity as a Cybersecurity Engineer to leverage my expertise in computer science and make a meaningful impact in the industry.,Other
Sarah Wilson,Prompt Engineer,Seeking a challenging role as a Blockchain Engineer where I can apply my skills and knowledge to contribute to organizational success and professional growth.,Prompt Engineer
Samantha Kumar,Backend Developer,Looking for an opportunity as a Cybersecurity Engineer to leverage my expertise in machine learning and make a meaningful impact in the industry.,Software Engineer
James Thompson,Backend Developer,Seeking a challenging role as a Backend Developer where I can apply my skills and knowledge to contribute to organizational success and professional growth.,Software Engineer
Evelyn Williams,Full-Stack Developer,Seeking a challenging role as a Full-Stack Developer where I can apply my skills and knowledge to contribute to organizational success and professional growth.,Software Engineer
Harper Brown,Backend Developer,Looking for an opportunity as a Backend Developer to leverage my expertise in computer engineering and make a meaningful impact in the industry.,Software Engineer
Christopher Brown,Cloud Architect,Targeting a Cloud Architect position to utilize my educational background and experience to drive results and achieve career objectives.,Cloud Architect
Abhinav Srinivasan,Blockchain Engineer,Looking for an opportunity as a Prompt Engineer to leverage my expertise in machine learning and make a meaningful impact in the industry.,Other
Karan Wu,Prompt Engineer,Looking for an opportunity as a Prompt Engineer to leverage my expertise in software engineering and make a meaningful impact in the industry.,Prompt Engineer
Benjamin Liu,Engineer,Targeting a Machine Learning Engineer position to utilize my educational background and experience to drive results and achieve career objectives.,Other
Aadhya Iyer,Manager,"Looking for a Product Manager role where I can leverage market research, user feedback, and data analysis to guide product development decisions.",Other
Matthew Park,Cloud Architect,Looking for an opportunity as a Cloud Architect to leverage my expertise in computer engineering and make a meaningful impact in the industry.,Cloud Architect
Ava Johnson,DevOps Engineer,"Looking for a DevOps Engineer position where I can streamline software deployment processes, improve system reliability, and foster a culture of continuous integration and delivery.",DevOps Engineer
Ethan Hernandez,Analyst,"Looking to join a cybersecurity team as an Analyst where I can apply my knowledge of network security, threat detection, and incident response to safeguard digital infrastructure.",Other
Evelyn Jackson,Developer,Looking for an opportunity as a Backend Developer to leverage my expertise in software engineering and make a meaningful impact in the industry.,Software Engineer
Jessica Zhang,Analyst,"Looking to join a cybersecurity team as an Analyst where I can apply my knowledge of network security, threat detection, and incident response to safeguard digital infrastructure.",Other
Emily Johnson,Blockchain Engineer,Targeting a Blockchain Engineer position to utilize my educational background and experience to drive results and achieve career objectives.,Other
Ashley Chen,AI Engineer,"Seeking a challenging role as an AI Engineer to develop and implement cutting-edge artificial intelligence solutions. Looking to work on machine learning models, neural networks, and AI-driven applications that solve real-world business problems.",AI Engineer
Priya Jackson,Developer,Looking for an opportunity as a Frontend Developer to leverage my expertise in software engineering and make a meaningful impact in the industry.,Software Engineer
Michael Rao,Unspecified Role,Looking for a UI/UX Designer position where I can combine creativity with analytical thinking to design user-centered interfaces that solve real problems.,Other
David Martin,Big Data Engineer,Looking for an opportunity as a Big Data Engineer to leverage my expertise in electronics engineering and make a meaningful impact in the industry.,Other
Amanda Liu,Cybersecurity Engineer,Seeking a challenging role as a Cybersecurity Engineer where I can apply my skills and knowledge to contribute to organizational success and professional growth.,Cybersecurity Engineer
Aarav Taylor,MLOps Specialist,Targeting a MLOps Specialist position to utilize my educational background and experience to drive results and achieve career objectives.,Other
Lucas Mittal,Developer,Targeting a Frontend Developer position to utilize my educational background and experience to drive results and achieve career objectives.,Software Engineer
Ankit Brown,Mobile Applications Developer,Looking for an opportunity as a Mobile Applications Developer to leverage my expertise in robotics and make a meaningful impact in the industry.,Software Engineer
Matthew Wu,Engineer,Looking for an opportunity as a Machine Learning Engineer to leverage my expertise in data science and make a meaningful impact in the industry.,Other
James Moore,Scientist,"Looking for an opportunity as a Data Scientist to work with large datasets, build predictive models, and communicate findings to stakeholders through compelling visualizations and reports.",Other
Vikram Venkatesh,Engineer,Targeting a Software Engineer position to work on challenging technical problems and build innovative applications that deliver value to users.,Other
Mason Iyer,Unspecified Role,Targeting a Quantum Computing Specialist position to utilize my educational background and experience to drive results and achieve career objectives.,Other
Ankit Thompson,Prompt Engineer,Targeting a Prompt Engineer position to utilize my educational background and experience to drive results and achieve career objectives.,Prompt Engineer
Aryan Williams,Software Developer,Looking for an opportunity as a Frontend Developer to leverage my expertise in software engineering and make a meaningful impact in the industry.,Software Engineer
Sarah Jackson,Engineer,Targeting a Site Reliability Engineer position to utilize my educational background and experience to drive results and achieve career objectives.,Other
Emma Pillai,Engineer,"Seeking a Cloud Engineer position to design, implement, and maintain scalable cloud infrastructure using AWS, Azure, or Google Cloud Platform.",Other
Arya Srinivasan,AI Ethics Officer,"Targeting a UI/UX Designer role to contribute to the entire design process from concept to implementation, ensuring optimal user satisfaction and usability.",Other
Diya Bansal,Mobile Applications Developer,Targeting a Mobile Applications Developer position to utilize my educational background and experience to drive results and achieve career objectives.,Software Engineer
Sarah Zhou,Cybersecurity Engineer,Targeting a Cybersecurity Engineer position to utilize my educational background and experience to drive results and achieve career objectives.,Cybersecurity Engineer
Diya Wilson,Prompt Engineer,Seeking a challenging role as a Prompt Engineer where I can apply my skills and knowledge to contribute to organizational success and professional growth.,Prompt Engineer
Mason Martin,Data Scientist,"Targeting a DevOps Engineer role to work with containerization technologies, configuration management tools, and cloud platforms to optimize software delivery.",Data Scientist
Aryan Garcia,Cloud Engineer,"Targeting a Cloud Engineer position to contribute to cloud migration projects and build resilient, scalable cloud-native applications.",Cloud Architect
David Bansal,Cybersecurity Engineer,Seeking a challenging role as a Cybersecurity Engineer where I can apply my skills and knowledge to contribute to organizational success and professional growth.,Cybersecurity Engineer
Aadhya Kumar,Site Reliability Engineer,Targeting a Full-Stack Developer position to utilize my educational background and experience to drive results and achieve career objectives.,Other
James Chen,Developer,Targeting a Mobile Applications Developer position to utilize my educational background and experience to drive results and achieve career objectives.,Software Engineer
Priya Sharma,Frontend Developer,Targeting a Frontend Developer position to utilize my educational background and experience to drive results and achieve career objectives.,Software Engineer
Aadhya Jain,AI Engineer,"Aspiring to join a dynamic team as an AI Engineer where I can leverage my expertise in deep learning, natural language processing, and computer vision to build innovative AI products and services.",AI Engineer
Ankit Davis,Engineer,Targeting a Software Engineer position to work on challenging technical problems and build innovative applications that deliver value to users.,Other
Christopher Menon,AI Engineer,"Seeking a challenging role as an AI Engineer to develop and implement cutting-edge artificial intelligence solutions. Looking to work on machine learning models, neural networks, and AI-driven applications that solve real-world business problems.",AI Engineer
Emily Gupta,Developer,Targeting a Frontend Developer position to utilize my educational background and experience to drive results and achieve career objectives.,Software Engineer
Sarah Anderson,Engineer,Seeking a challenging role as a Prompt Engineer where I can apply my skills and knowledge to contribute to organizational success and professional growth.,Other
Abhinav Hernandez,Scientist,"Targeting a Data Scientist position where I can utilize my expertise in Python, R, SQL, and machine learning algorithms to solve business challenges through data analysis and predictive modeling.",Other
Jessica Venkatesh,Architect,Targeting a Cloud Architect position to utilize my educational background and experience to drive results and achieve career objectives.,Other
Arjun Lee,Architect,Seeking a challenging role as a Cloud Architect where I can apply my skills and knowledge to contribute to organizational success and professional growth.,Other
Priya Martinez,MLOps Specialist,Targeting a MLOps Specialist position to utilize my educational background and experience to drive results and achieve career objectives.,Other
Meera Anderson,Cloud Engineer,"Seeking a Cloud Engineer position to design, implement, and maintain scalable cloud infrastructure using AWS, Azure, or Google Cloud Platform.",Cloud Architect
Charlotte Sharma,Machine Learning Engineer,Targeting a Machine Learning Engineer position to utilize my educational background and experience to drive results and achieve career objectives.,Machine Learning Engineer
Jackson Johnson,Cloud Engineer,"Targeting a Cloud Engineer position to contribute to cloud migration projects and build resilient, scalable cloud-native applications.",Cloud Architect
Aisha Jain,Quantum Computing Specialist,Looking for an opportunity as a Quantum Computing Specialist to leverage my expertise in data science and make a meaningful impact in the industry.,Other
Jessica Venkatesh,MLOps Specialist,Looking for an opportunity as a MLOps Specialist to leverage my expertise in electronics engineering and make a meaningful impact in the industry.,Other
Noah Martinez,Blockchain Engineer,Looking for an opportunity as a Blockchain Engineer to leverage my expertise in cybersecurity and make a meaningful impact in the industry.,Other
Alexander Verma,Cybersecurity Analyst,"Looking to join a cybersecurity team as an Analyst where I can apply my knowledge of network security, threat detection, and incident response to safeguard digital infrastructure.",Cybersecurity Engineer
Ava Martinez,Frontend Developer,Targeting a Frontend Developer position to utilize my educational background and experience to drive results and achieve career objectives.,Software Engineer
Aryan Pillai,Engineer,Seeking a challenging role as a Prompt Engineer where I can apply my skills and knowledge to contribute to organizational success and professional growth.,Other
Mason Yang,Prompt Engineer,Looking for an opportunity as a Prompt Engineer to leverage my expertise in cybersecurity and make a meaningful impact in the industry.,Prompt Engineer
Alexander Brown,AI Ethics Officer,Seeking a challenging role as a AI Ethics Officer where I can apply my skills and knowledge to contribute to organizational success and professional growth.,Other
Alexander Rodriguez,Software Engineer,"Seeking a Cybersecurity Analyst position to protect organizational assets by implementing security measures, conducting vulnerability assessments, and responding to security incidents.",Software Engineer
Mason Jackson,MLOps Specialist,Looking for an opportunity as a Software Developer to leverage my expertise in electrical engineering and make a meaningful impact in the industry.,Other
Evelyn Krishnan,Developer,Targeting a Mobile Applications Developer position to utilize my educational background and experience to drive results and achieve career objectives.,Software Engineer
Abhinav Garcia,UI/UX Designer,Looking for a UI/UX Designer position where I can combine creativity with analytical thinking to design user-centered interfaces that solve real problems.,Other
Noah Nair,Frontend Developer,Seeking a challenging role as a Frontend Developer where I can apply my skills and knowledge to contribute to organizational success and professional growth.,Software Engineer
Rohan Park,Unspecified Role,Seeking a challenging role as a AI Ethics Officer where I can apply my skills and knowledge to contribute to organizational success and professional growth.,Other
Christopher Davis,Frontend Developer,Seeking a challenging role as a Frontend Developer where I can apply my skills and knowledge to contribute to organizational success and professional growth.,Software Engineer
Charlotte Garcia,Engineer,"Aspiring to join a dynamic team as an AI Engineer where I can leverage my expertise in deep learning, natural language processing, and computer vision to build innovative AI products and services.",Other
James Pillai,Full-Stack Developer,Looking for an opportunity as a Full-Stack Developer to leverage my expertise in information systems and make a meaningful impact in the industry.,Software Engineer
Abhinav Patel,Unspecified Role,Targeting a AI Ethics Officer position to utilize my educational background and experience to drive results and achieve career objectives.,Other
Andrew Wang,Prompt Engineer,Targeting a Prompt Engineer position to utilize my educational background and experience to drive results and achieve career objectives.,Prompt Engineer
Harper Wu,Engineer,Targeting a Big Data Engineer position to utilize my educational background and experience to drive results and achieve career objectives.,Other
Michael Kim,Engineer,Looking for an opportunity as a Prompt Engineer to leverage my expertise in robotics and make a meaningful impact in the industry.,Other
Aisha Williams,Machine Learning Engineer,Seeking a challenging role as a Machine Learning Engineer where I can apply my skills and knowledge to contribute to organizational success and professional growth.,Machine Learning Engineer
Jackson Jackson,AI Ethics Officer,Looking for an opportunity as a Software Developer to leverage my expertise in computer engineering and make a meaningful impact in the industry.,Other
Harper Gupta,Quantum Computing Specialist,Looking for an opportunity as a Quantum Computing Specialist to leverage my expertise in software engineering and make a meaningful impact in the industry.,Other
Michael Moore,Cybersecurity Engineer,Targeting a Cybersecurity Engineer position to utilize my educational background and experience to drive results and achieve career objectives.,Cybersecurity Engineer
Aditi Kim,Unspecified Role,Seeking a challenging role as a AI Ethics Officer where I can apply my skills and knowledge to contribute to organizational success and professional growth.,Other
David Liu,Blockchain Engineer,Targeting a MLOps Specialist position to utilize my educational background and experience to drive results and achieve career objectives.,Other
Mason Sharma,Frontend Developer,Seeking a challenging role as a Frontend Developer where I can apply my skills and knowledge to contribute to organizational success and professional growth.,Software Engineer
Liam Williams,Blockchain Engineer,Seeking a challenging role as a Blockchain Engineer where I can apply my skills and knowledge to contribute to organizational success and professional growth.,Other
Lucas Wu,Engineer,"Looking for a Cloud Engineer role where I can architect cloud solutions, automate deployments, and optimize cloud resources for performance and cost-efficiency.",Other
Jackson Thomas,Big Data Engineer,Targeting a Big Data Engineer position to utilize my educational background and experience to drive results and achieve career objectives.,Other
James Verma,Engineer,Targeting a Prompt Engineer position to utilize my educational background and experience to drive results and achieve career objectives.,Other
Meera Liu,Unspecified Role,"Seeking a UI/UX Designer role to create intuitive and engaging user experiences through user research, wireframing, prototyping, and visual design.",Other
James Hernandez,Backend Developer,Seeking a challenging role as a Backend Developer where I can apply my skills and knowledge to contribute to organizational success and professional growth.,Software Engineer
Ava Jain,Site Reliability Engineer,Targeting a Software Developer position to utilize my educational background and experience to drive results and achieve career objectives.,Other
Arjun Iyer,Developer,Targeting a Full-Stack Developer position to utilize my educational background and experience to drive results and achieve career objectives.,Software Engineer
James Martinez,Full-Stack Developer,Looking for an opportunity as a Software Developer to leverage my expertise in robotics and make a meaningful impact in the industry.,Software Engineer
Jessica Smith,Developer,Targeting a Backend Developer position to utilize my educational background and experience to drive results and achieve career objectives.,Software Engineer
Aditi Liu,Cloud Engineer,Looking for an opportunity as a Machine Learning Engineer to leverage my expertise in electrical engineering and make a meaningful impact in the industry.,Cloud Architect
Priya Johnson,Engineer,Targeting a Prompt Engineer position to utilize my educational background and experience to drive results and achieve career objectives.,Other
Jessica Park,Full-Stack Developer,Targeting a Full-Stack Developer position to utilize my educational background and experience to drive results and achieve career objectives.,Software Engineer
Liam Hernandez,Software Developer,Seeking a challenging role as a Software Developer where I can apply my skills and knowledge to contribute to organizational success and professional growth.,Software Engineer
Jessica Jain,Quantum Computing Specialist,Targeting a Quantum Computing Specialist position to utilize my educational background and experience to drive results and achieve career objectives.,Other
Aadhya Garcia,Unspecified Role,"Seeking a UI/UX Designer role to create intuitive and engaging user experiences through user research, wireframing, prototyping, and visual design.",Other
Mason Brown,Engineer,Targeting a Big Data Engineer position to utilize my educational background and experience to drive results and achieve career objectives.,Other
Arya Menon,Cybersecurity Engineer,Seeking a challenging role as a Cybersecurity Engineer where I can apply my skills and knowledge to contribute to organizational success and professional growth.,Cybersecurity Engineer
Charlotte Anderson,Blockchain Engineer,Looking for an opportunity as a Blockchain Engineer to leverage my expertise in data science and make a meaningful impact in the industry.,Other
Ashley Krishnan,Data Scientist,"Seeking a Data Scientist role to apply statistical analysis, machine learning, and data visualization techniques to extract meaningful insights from complex datasets and drive data-driven decision making.",Data Scientist
Alexander Krishnan,Engineer,Looking for an opportunity as a Cybersecurity Engineer to leverage my expertise in robotics and make a meaningful impact in the industry.,Other
Sarah Gupta,Cybersecurity Engineer,Looking for an opportunity as a Cybersecurity Engineer to leverage my expertise in information technology and make a meaningful impact in the industry.,Cybersecurity Engineer
Sneha Chen,Engineer,"Seeking a challenging role as an AI Engineer to develop and implement cutting-edge artificial intelligence solutions. Looking to work on machine learning models, neural networks, and AI-driven applications that solve real-world business problems.",Other
Sneha Taylor,Engineer,Seeking a challenging role as a Big Data Engineer where I can apply my skills and knowledge to contribute to organizational success and professional growth.,Other
Mason Kim,engineer,Looking for an opportunity as a AI Ethics Officer to leverage my expertise in electrical engineering and make a meaningful impact in the industry.,Other
Rahul Williams,Site Reliability Engineer,Looking for an opportunity as a Site Reliability Engineer to leverage my expertise in software engineering and make a meaningful impact in the industry.,Other
Ananya Thompson,DevOps Engineer,Targeting a Site Reliability Engineer position to utilize my educational background and experience to drive results and achieve career objectives.,DevOps Engineer
Olivia Reddy,Quantum Computing Specialist,Targeting a Quantum Computing Specialist position to utilize my educational background and experience to drive results and achieve career objectives.,Other
Emily Jackson,UI/UX Designer,Looking for a UI/UX Designer position where I can combine creativity with analytical thinking to design user-centered interfaces that solve real problems.,Other
Matthew Agarwal,Software Engineer,"Looking for a Software Engineer role where I can contribute to full-stack development, write clean and maintainable code, and collaborate with cross-functional teams.",Software Engineer
Harper Reddy,Unspecified Role,"Seeking a UI/UX Designer role to create intuitive and engaging user experiences through user research, wireframing, prototyping, and visual design.",Other
Jessica Yang,Machine Learning Engineer,Targeting a Cloud Architect position to utilize my educational background and experience to drive results and achieve career objectives.,Machine Learning Engineer
Andrew Srinivasan,Engineer,Seeking a challenging role as a Blockchain Engineer where I can apply my skills and knowledge to contribute to organizational success and professional growth.,Other
Matthew Thompson,Prompt Engineer,Targeting a Prompt Engineer position to utilize my educational background and experience to drive results and achieve career objectives.,Prompt Engineer
Ankit Jackson,Cybersecurity Analyst,"Aspiring to join a dynamic team as an AI Engineer where I can leverage my expertise in deep learning, natural language processing, and computer vision to build innovative AI products and services.",Cybersecurity Engineer
Samantha Nair,Cloud Architect,Targeting a Cloud Architect position to utilize my educational background and experience to drive results and achieve career objectives.,Cloud Architect
Jackson Rodriguez,Engineer,Targeting a Machine Learning Engineer position to utilize my educational background and experience to drive results and achieve career objectives.,Other
Rohan Miller,Cybersecurity Engineer,"Targeting a UI/UX Designer role to contribute to the entire design process from concept to implementation, ensuring optimal user satisfaction and usability.",Cybersecurity Engineer
Rohan Brown,Software Developer,Looking for an opportunity as a Software Developer to leverage my expertise in data science and make a meaningful impact in the industry.,Software Engineer
Amanda Johnson,DevOps Engineer,"Seeking a DevOps Engineer role to bridge development and operations teams by implementing CI/CD pipelines, infrastructure automation, and monitoring solutions.",DevOps Engineer
Samantha Kim,UI/UX Designer,Seeking a challenging role as a Blockchain Engineer where I can apply my skills and knowledge to contribute to organizational success and professional growth.,Other
Aditi Menon,AI Engineer,"Targeting an AI Engineer position to contribute to the development of intelligent systems using Python, TensorFlow, and PyTorch. Eager to work on large-scale AI projects in a collaborative environment.",AI Engineer
Ankit Rao,Big Data Engineer,Targeting a Big Data Engineer position to utilize my educational background and experience to drive results and achieve career objectives.,Other
Christopher Martinez,Engineer,Targeting a Blockchain Engineer position to utilize my educational background and experience to drive results and achieve career objectives.,Other
Harper Zhang,DevOps Engineer,"Targeting a DevOps Engineer role to work with containerization technologies, configuration management tools, and cloud platforms to optimize software delivery.",DevOps Engineer
Sophia Hernandez,Developer,Looking for an opportunity as a Software Developer to leverage my expertise in information systems and make a meaningful impact in the industry.,Software Engineer
Charlotte Zhou,Engineer,Seeking a challenging role as a Site Reliability Engineer where I can apply my skills and knowledge to contribute to organizational success and professional growth.,Other
Jessica Srinivasan,MLOps Specialist,"Targeting an AI Engineer position to contribute to the development of intelligent systems using Python, TensorFlow, and PyTorch. Eager to work on large-scale AI projects in a collaborative environment.",Other
Emily Thompson,Machine Learning Engineer,Targeting a Machine Learning Engineer position to utilize my educational background and experience to drive results and achieve career objectives.,Machine Learning Engineer
Mason Liu,DevOps Engineer,"Looking to join a cybersecurity team as an Analyst where I can apply my knowledge of network security, threat detection, and incident response to safeguard digital infrastructure.",DevOps Engineer
David Jackson,Engineer,Seeking a challenging role as a Big Data Engineer where I can apply my skills and knowledge to contribute to organizational success and professional growth.,Other
Lucas Gupta,Machine Learning Engineer,"Targeting a Data Scientist position where I can utilize my expertise in Python, R, SQL, and machine learning algorithms to solve business challenges through data analysis and predictive modeling.",Machine Learning Engineer
Christopher Agarwal,DevOps Engineer,"Targeting a Cloud Engineer position to contribute to cloud migration projects and build resilient, scalable cloud-native applications.",DevOps Engineer
Vikram Zhang,Mobile Applications Developer,Seeking a challenging role as a Mobile Applications Developer where I can apply my skills and knowledge to contribute to organizational success and professional growth.,Software Engineer
Arya Zhou,Unspecified Role,Targeting a AI Ethics Officer position to utilize my educational background and experience to drive results and achieve career objectives.,Other
Andrew White,Cybersecurity Engineer,Targeting a Cybersecurity Engineer position to utilize my educational background and experience to drive results and achieve career objectives.,Cybersecurity Engineer
Michael Nair,Data Scientist,"Targeting a Data Scientist position where I can utilize my expertise in Python, R, SQL, and machine learning algorithms to solve business challenges through data analysis and predictive modeling.",Data Scientist
Kavya White,Developer,Targeting a Full-Stack Developer position to utilize my educational background and experience to drive results and achieve career objectives.,Software Engineer
Arya Reddy,Data Scientist,"Seeking a Data Scientist role to apply statistical analysis, machine learning, and data visualization techniques to extract meaningful insights from complex datasets and drive data-driven decision making.",Data Scientist
Lucas Moore,Site Reliability Engineer,Looking for an opportunity as a Site Reliability Engineer to leverage my expertise in machine learning and make a meaningful impact in the industry.,Other
Ashley Krishnan,Engineer,Targeting a Software Engineer position to work on challenging technical problems and build innovative applications that deliver value to users.,Other
Michael Miller,Engineer,Seeking a challenging role as a Machine Learning Engineer where I can apply my skills and knowledge to contribute to organizational success and professional growth.,Other
Charlotte Thomas,Cloud Engineer,"Looking for a Cloud Engineer role where I can architect cloud solutions, automate deployments, and optimize cloud resources for performance and cost-efficiency.",Cloud Architect
Jessica Wang,Architect,Targeting a Cloud Architect position to utilize my educational background and experience to drive results and achieve career objectives.,Other
Abhinav Park,Quantum Computing Specialist,Looking for an opportunity as a Quantum Computing Specialist to leverage my expertise in machine learning and make a meaningful impact in the industry.,Other
Christopher Garcia,Machine Learning Engineer,Targeting a Machine Learning Engineer position to utilize my educational background and experience to drive results and achieve career objectives.,Machine Learning Engineer
Emma Jackson,Unspecified Role,Targeting a MLOps Specialist position to utilize my educational background and experience to drive results and achieve career objectives.,Other
Arya Verma,Software Developer,Seeking a challenging role as a Software Developer where I can apply my skills and knowledge to contribute to organizational success and professional growth.,Software Engineer
Sarah Verma,Mobile Applications Developer,Looking for an opportunity as a Mobile Applications Developer to leverage my expertise in information technology and make a meaningful impact in the industry.,Software Engineer
Alexander Wilson,Unspecified Role,"Seeking a UI/UX Designer role to create intuitive and engaging user experiences through user research, wireframing, prototyping, and visual design.",Other
Vikram Yang,Unspecified Role,Seeking a challenging role as a Quantum Computing Specialist where I can apply my skills and knowledge to contribute to organizational success and professional growth.,Other
Amanda Wang,Analyst,"Targeting a Cybersecurity Analyst role to contribute to the development and maintenance of robust security frameworks, policies, and procedures.",Other
Lucas Moore,Cybersecurity Analyst,"Seeking a UI/UX Designer role to create intuitive and engaging user experiences through user research, wireframing, prototyping, and visual design.",Cybersecurity Engineer
Sneha Miller,MLOps Specialist,Seeking a challenging role as a MLOps Specialist where I can apply my skills and knowledge to contribute to organizational success and professional growth.,Other
James Wang,Developer,Targeting a Software Developer position to utilize my educational background and experience to drive results and achieve career objectives.,Software Engineer
David Martin,Software Engineer,"Seeking a Software Engineer position to develop high-quality, scalable software solutions using modern programming languages and development methodologies.",Software Engineer
Meera Verma,AI Engineer,"Targeting an AI Engineer position to contribute to the development of intelligent systems using Python, TensorFlow, and PyTorch. Eager to work on large-scale AI projects in a collaborative environment.",AI Engineer
Andrew Wilson,Frontend Developer,Seeking a challenging role as a Frontend Developer where I can apply my skills and knowledge to contribute to organizational success and professional growth.,Software Engineer
Amanda Thomas,Blockchain Engineer,Seeking a challenging role as a Blockchain Engineer where I can apply my skills and knowledge to contribute to organizational success and professional growth.,Other
Arjun Wilson,Cybersecurity Engineer,Targeting a Cybersecurity Engineer position to utilize my educational background and experience to drive results and achieve career objectives.,Cybersecurity Engineer
Joshua Brown,Data Scientist,"Seeking a Data Scientist role to apply statistical analysis, machine learning, and data visualization techniques to extract meaningful insights from complex datasets and drive data-driven decision making.",Data Scientist
Charlotte Hernandez,Engineer,"Looking for a Software Engineer role where I can contribute to full-stack development, write clean and maintainable code, and collaborate with cross-functional teams.",Other
Liam Davis,Big Data Engineer,Seeking a challenging role as a Big Data Engineer where I can apply my skills and knowledge to contribute to organizational success and professional growth.,Other
Isabella Williams,Architect,Seeking a challenging role as a Cloud Architect where I can apply my skills and knowledge to contribute to organizational success and professional growth.,Other
Lucas Jones,Developer,Seeking a challenging role as a Full-Stack Developer where I can apply my skills and knowledge to contribute to organizational success and professional growth.,Software Engineer
Liam Nair,DevOps Engineer,Looking for an opportunity as a Frontend Developer to leverage my expertise in computer engineering and make a meaningful impact in the industry.,DevOps Engineer
Priya Srinivasan,Cloud Engineer,"Targeting a Cloud Engineer position to contribute to cloud migration projects and build resilient, scalable cloud-native applications.",Cloud Architect
Benjamin Menon,Mobile Applications Developer,Looking for an opportunity as a Mobile Applications Developer to leverage my expertise in cybersecurity and make a meaningful impact in the industry.,Software Engineer
Rahul Verma,Blockchain Engineer,Seeking a challenging role as a Big Data Engineer where I can apply my skills and knowledge to contribute to organizational success and professional growth.,Other
Aryan Iyer,Engineer,Looking for an opportunity as a Site Reliability Engineer to leverage my expertise in information technology and make a meaningful impact in the industry.,Other
Aadhya White,Engineer,"Looking for a Cloud Engineer role where I can architect cloud solutions, automate deployments, and optimize cloud resources for performance and cost-efficiency.",Other
Sneha Park,Frontend Developer,Seeking a challenging role as a Frontend Developer where I can apply my skills and knowledge to contribute to organizational success and professional growth.,Software Engineer
Ava Martinez,Backend Developer,Targeting a Backend Developer position to utilize my educational background and experience to drive results and achieve career objectives.,Software Engineer
Ethan Wang,Product Manager,Targeting a Big Data Engineer position to utilize my educational background and experience to drive results and achieve career objectives.,Other
Meera Rodriguez,Cloud Engineer,"Targeting an AI Engineer position to contribute to the development of intelligent systems using Python, TensorFlow, and PyTorch. Eager to work on large-scale AI projects in a collaborative environment.",Cloud Architect
Aryan Chen,Engineer,"Seeking a Software Engineer position to develop high-quality, scalable software solutions using modern programming languages and development methodologies.",Other
Diya Jain,Quantum Computing Specialist,Looking for an opportunity as a AI Ethics Officer to leverage my expertise in information technology and make a meaningful impact in the industry.,Other
Karan Chen,Engineer,Targeting a Machine Learning Engineer position to utilize my educational background and experience to drive results and achieve career objectives.,Other
Rahul Thomas,Engineer,"Targeting a Cloud Engineer position to contribute to cloud migration projects and build resilient, scalable cloud-native applications.",Other
Karan Thompson,Developer,Targeting a Mobile Applications Developer position to utilize my educational background and experience to drive results and achieve career objectives.,Software Engineer
Arya Taylor,Frontend Developer,Seeking a challenging role as a Frontend Developer where I can apply my skills and knowledge to contribute to organizational success and professional growth.,Software Engineer
Aarav Zhang,Unspecified Role,Targeting a AI Ethics Officer position to utilize my educational background and experience to drive results and achieve career objectives.,Other
Aisha Thompson,Software Engineer,"Targeting a DevOps Engineer role to work with containerization technologies, configuration management tools, and cloud platforms to optimize software delivery.",Software Engineer
Aarav Lee,Machine Learning Engineer,"Seeking a challenging role as an AI Engineer to develop and implement cutting-edge artificial intelligence solutions. Looking to work on machine learning models, neural networks, and AI-driven applications that solve real-world business problems.",Machine Learning Engineer
Ethan Jackson,Blockchain Engineer,"Looking to join a cybersecurity team as an Analyst where I can apply my knowledge of network security, threat detection, and incident response to safeguard digital infrastructure.",Other
Aisha Smith,Unspecified Role,Seeking a challenging role as a MLOps Specialist where I can apply my skills and knowledge to contribute to organizational success and professional growth.,Other
Noah Pillai,Scientist,"Looking for an opportunity as a Data Scientist to work with large datasets, build predictive models, and communicate findings to stakeholders through compelling visualizations and reports.",Other
Amanda Singh,Cybersecurity Engineer,Targeting a Cybersecurity Engineer position to utilize my educational background and experience to drive results and achieve career objectives.,Cybersecurity Engineer
Aarav Pillai,Product Manager,Seeking a challenging role as a Frontend Developer where I can apply my skills and knowledge to contribute to organizational success and professional growth.,Other
Aryan Sharma,Software Developer,Seeking a challenging role as a Software Developer where I can apply my skills and knowledge to contribute to organizational success and professional growth.,Software Engineer
Diya Moore,Analyst,"Looking to join a cybersecurity team as an Analyst where I can apply my knowledge of network security, threat detection, and incident response to safeguard digital infrastructure.",Other
James Wang,Engineer,Seeking a challenging role as a Site Reliability Engineer where I can apply my skills and knowledge to contribute to organizational success and professional growth.,Other
Ashley Thompson,AI Ethics Officer,Looking for an opportunity as a AI Ethics Officer to leverage my expertise in computer science and make a meaningful impact in the industry.,Other
Abhinav Jones,Quantum Computing Specialist,Looking for an opportunity as a Quantum Computing Specialist to leverage my expertise in artificial intelligence and make a meaningful impact in the industry.,Other
Amanda Venkatesh,Product Manager,"Looking for an opportunity as a Data Scientist to work with large datasets, build predictive models, and communicate findings to stakeholders through compelling visualizations and reports.",Other
Christopher Davis,Engineer,Looking for an opportunity as a Prompt Engineer to leverage my expertise in computer engineering and make a meaningful impact in the industry.,Other
Aadhya White,Software Engineer,"Seeking a Software Engineer position to develop high-quality, scalable software solutions using modern programming languages and development methodologies.",Software Engineer
Arya Venkatesh,Scientist,"Looking for an opportunity as a Data Scientist to work with large datasets, build predictive models, and communicate findings to stakeholders through compelling visualizations and reports.",Other
Kavya Liu,Analyst,"Targeting a Cybersecurity Analyst role to contribute to the development and maintenance of robust security frameworks, policies, and procedures.",Other
Charlotte Anderson,Cloud Architect,Targeting a Cloud Architect position to utilize my educational background and experience to drive results and achieve career objectives.,Cloud Architect
Benjamin Brown,Machine Learning Engineer,Looking for an opportunity as a Machine Learning Engineer to leverage my expertise in robotics and make a meaningful impact in the industry.,Machine Learning Engineer
Jackson Zhou,Cloud Engineer,"Seeking a Cloud Engineer position to design, implement, and maintain scalable cloud infrastructure using AWS, Azure, or Google Cloud Platform.",Cloud Architect
Kavya Garcia,Engineer,Seeking a challenging role as a Machine Learning Engineer where I can apply my skills and knowledge to contribute to organizational success and professional growth.,Other
Ankit Martin,Cloud Engineer,"Targeting a Cloud Engineer position to contribute to cloud migration projects and build resilient, scalable cloud-native applications.",Cloud Architect
Isabella Jain,Cloud Engineer,"Targeting a Cloud Engineer position to contribute to cloud migration projects and build resilient, scalable cloud-native applications.",Cloud Architect
Aryan Thomas,Machine Learning Engineer,Seeking a challenging role as a Mobile Applications Developer where I can apply my skills and knowledge to contribute to organizational success and professional growth.,Machine Learning Engineer
Joshua Zhang,Cloud Architect,Looking for an opportunity as a Cloud Architect to leverage my expertise in electrical engineering and make a meaningful impact in the industry.,Cloud Architect
Arya Agarwal,AI Engineer,"Targeting an AI Engineer position to contribute to the development of intelligent systems using Python, TensorFlow, and PyTorch. Eager to work on large-scale AI projects in a collaborative environment.",AI Engineer
Matthew Jain,Engineer,Targeting a Machine Learning Engineer position to utilize my educational background and experience to drive results and achieve career objectives.,Other
Andrew Patel,Engineer,Looking for an opportunity as a Site Reliability Engineer to leverage my expertise in computer science and make a meaningful impact in the industry.,Other
Sophia Chen,DevOps Engineer,"Targeting a DevOps Engineer role to work with containerization technologies, configuration management tools, and cloud platforms to optimize software delivery.",DevOps Engineer
Benjamin Reddy,Product Manager,"Seeking a Product Manager position to drive product strategy, define roadmaps, and collaborate with engineering and design teams to deliver successful products.",Other
Evelyn Wilson,Data Scientist,Looking for an opportunity as a Frontend Developer to leverage my expertise in artificial intelligence and make a meaningful impact in the industry.,Data Scientist
Michael Moore,Engineer,Targeting a Blockchain Engineer position to utilize my educational background and experience to drive results and achieve career objectives.,Other
Karan Anderson,Prompt Engineer,"Aspiring to join a dynamic team as an AI Engineer where I can leverage my expertise in deep learning, natural language processing, and computer vision to build innovative AI products and services.",Prompt Engineer
Noah Pillai,Full-Stack Developer,"Targeting an AI Engineer position to contribute to the development of intelligent systems using Python, TensorFlow, and PyTorch. Eager to work on large-scale AI projects in a collaborative environment.",Software Engineer
Amelia Bansal,Cybersecurity Analyst,"Targeting a Cybersecurity Analyst role to contribute to the development and maintenance of robust security frameworks, policies, and procedures.",Cybersecurity Engineer
Meera Reddy,Engineer,Looking for an opportunity as a Site Reliability Engineer to leverage my expertise in data science and make a meaningful impact in the industry.,Other
Andrew Jones,Data Scientist,Looking for an opportunity as a Cybersecurity Engineer to leverage my expertise in information technology and make a meaningful impact in the industry.,Data Scientist
Ava Martin,Scientist,"Seeking a Data Scientist role to apply statistical analysis, machine learning, and data visualization techniques to extract meaningful insights from complex datasets and drive data-driven decision making.",Other
Harper Wang,DevOps Engineer,"Looking for a DevOps Engineer position where I can streamline software deployment processes, improve system reliability, and foster a culture of continuous integration and delivery.",DevOps Engineer
Ankit Jackson,Blockchain Engineer,Seeking a challenging role as a Blockchain Engineer where I can apply my skills and knowledge to contribute to organizational success and professional growth.,Other
Aadhya Martinez,Quantum Computing Specialist,Looking for an opportunity as a Quantum Computing Specialist to leverage my expertise in information technology and make a meaningful impact in the industry.,Other
Ava Pillai,Software Developer,Looking for an opportunity as a Software Developer to leverage my expertise in information technology and make a meaningful impact in the industry.,Software Engineer
Noah Smith,Cloud Architect,Seeking a challenging role as a Cloud Architect where I can apply my skills and knowledge to contribute to organizational success and professional growth.,Cloud Architect
Jackson Pillai,AI Ethics Officer,Seeking a challenging role as a AI Ethics Officer where I can apply my skills and knowledge to contribute to organizational success and professional growth.,Other
Rohan Jackson,Mobile Applications Developer,Seeking a challenging role as a Mobile Applications Developer where I can apply my skills and knowledge to contribute to organizational success and professional growth.,Software Engineer
Charlotte Miller,Cybersecurity Engineer,Targeting a Cybersecurity Engineer position to utilize my educational background and experience to drive results and achieve career objectives.,Cybersecurity Engineer
David Wu,Architect,Looking for an opportunity as a Cloud Architect to leverage my expertise in computer science and make a meaningful impact in the industry.,Other
Ananya Menon,Engineer,"Aspiring to join a dynamic team as an AI Engineer where I can leverage my expertise in deep learning, natural language processing, and computer vision to build innovative AI products and services.",Other
Abhinav Davis,Engineer,"Seeking a DevOps Engineer role to bridge development and operations teams by implementing CI/CD pipelines, infrastructure automation, and monitoring solutions.",Other
Akash Johnson,Engineer,Seeking a challenging role as a Cybersecurity Engineer where I can apply my skills and knowledge to contribute to organizational success and professional growth.,Other
Joshua Wu,Frontend Developer,Looking for an opportunity as a Frontend Developer to leverage my expertise in artificial intelligence and make a meaningful impact in the industry.,Software Engineer
Benjamin Srinivasan,Mobile Applications Developer,Looking for an opportunity as a Mobile Applications Developer to leverage my expertise in information systems and make a meaningful impact in the industry.,Software Engineer
Noah White,Backend Developer,Seeking a challenging role as a Backend Developer where I can apply my skills and knowledge to contribute to organizational success and professional growth.,Software Engineer
Michael Reddy,DevOps Engineer,"Looking for a DevOps Engineer position where I can streamline software deployment processes, improve system reliability, and foster a culture of continuous integration and delivery.",DevOps Engineer
Diya Anderson,Manager,Targeting a Product Manager position to lead cross-functional teams in building products that meet customer needs and achieve business objectives.,Other
Emily Kumar,Big Data Engineer,Looking for an opportunity as a Big Data Engineer to leverage my expertise in software engineering and make a meaningful impact in the industry.,Other
Aadhya Reddy,Site Reliability Engineer,Targeting a Backend Developer position to utilize my educational background and experience to drive results and achieve career objectives.,Other
Amelia Menon,Cybersecurity Engineer,Seeking a challenging role as a Software Developer where I can apply my skills and knowledge to contribute to organizational success and professional growth.,Cybersecurity Engineer
Arjun Rao,Cybersecurity Analyst,"Looking to join a cybersecurity team as an Analyst where I can apply my knowledge of network security, threat detection, and incident response to safeguard digital infrastructure.",Cybersecurity Engineer
Akash Taylor,AI Engineer,"Targeting an AI Engineer position to contribute to the development of intelligent systems using Python, TensorFlow, and PyTorch. Eager to work on large-scale AI projects in a collaborative environment.",AI Engineer
Sarah Jain,Frontend Developer,Looking for an opportunity as a Frontend Developer to leverage my expertise in machine learning and make a meaningful impact in the industry.,Software Engineer
Evelyn Thomas,Engineer,Seeking a challenging role as a Site Reliability Engineer where I can apply my skills and knowledge to contribute to organizational success and professional growth.,Other
Benjamin Zhang,Engineer,"Seeking a DevOps Engineer role to bridge development and operations teams by implementing CI/CD pipelines, infrastructure automation, and monitoring solutions.",Other
James Thomas,Engineer,Seeking a challenging role as a Cybersecurity Engineer where I can apply my skills and knowledge to contribute to organizational success and professional growth.,Other
Harper Jain,Architect,Targeting a Cloud Architect position to utilize my educational background and experience to drive results and achieve career objectives.,Other
Isabella Davis,Backend Developer,Targeting a Backend Developer position to utilize my educational background and experience to drive results and achieve career objectives.,Software Engineer
Michael Lee,Quantum Computing Specialist,Looking for an opportunity as a Quantum Computing Specialist to leverage my expertise in machine learning and make a meaningful impact in the industry.,Other
Amelia Singh,AI Ethics Officer,Looking for an opportunity as a AI Ethics Officer to leverage my expertise in electronics engineering and make a meaningful impact in the industry.,Other
Samantha Verma,Product Manager,Targeting a Product Manager position to lead cross-functional teams in building products that meet customer needs and achieve business objectives.,Other
Lucas Wilson,Backend Developer,Seeking a challenging role as a Backend Developer where I can apply my skills and knowledge to contribute to organizational success and professional growth.,Software Engineer
Kavya Anderson,Prompt Engineer,"Targeting a Cloud Engineer position to contribute to cloud migration projects and build resilient, scalable cloud-native applications.",Prompt Engineer
Jackson Smith,Big Data Engineer,Seeking a challenging role as a Big Data Engineer where I can apply my skills and knowledge to contribute to organizational success and professional growth.,Other
Noah Krishnan,Developer,Seeking a challenging role as a Mobile Applications Developer where I can apply my skills and knowledge to contribute to organizational success and professional growth.,Software Engineer
Christopher Chen,Analyst,"Looking to join a cybersecurity team as an Analyst where I can apply my knowledge of network security, threat detection, and incident response to safeguard digital infrastructure.",Other
Amelia Liu,Cloud Engineer,"Looking for a Cloud Engineer role where I can architect cloud solutions, automate deployments, and optimize cloud resources for performance and cost-efficiency.",Cloud Architect
David Wang,Manager,"Looking for a Product Manager role where I can leverage market research, user feedback, and data analysis to guide product development decisions.",Other
Meera Thomas,DevOps Engineer,"Looking for a DevOps Engineer position where I can streamline software deployment processes, improve system reliability, and foster a culture of continuous integration and delivery.",DevOps Engineer
Charlotte Zhang,Full-Stack Developer,Looking for an opportunity as a Full-Stack Developer to leverage my expertise in information systems and make a meaningful impact in the industry.,Software Engineer
Sophia Martinez,Cloud Engineer,"Seeking a Cloud Engineer position to design, implement, and maintain scalable cloud infrastructure using AWS, Azure, or Google Cloud Platform.",Cloud Architect
Lucas Pillai,Data Scientist,"Targeting a Data Scientist position where I can utilize my expertise in Python, R, SQL, and machine learning algorithms to solve business challenges through data analysis and predictive modeling.",Data Scientist
Olivia Zhang,Software Engineer,Targeting a Software Engineer position to work on challenging technical problems and build innovative applications that deliver value to users.,Software Engineer
Aryan Brown,Software Developer,Targeting a Software Developer position to utilize my educational background and experience to drive results and achieve career objectives.,Software Engineer
Jackson Anderson,Cybersecurity Engineer,Seeking a challenging role as a Cybersecurity Engineer where I can apply my skills and knowledge to contribute to organizational success and professional growth.,Cybersecurity Engineer
Samantha Jones,MLOps Specialist,Seeking a challenging role as a MLOps Specialist where I can apply my skills and knowledge to contribute to organizational success and professional growth.,Other
Ava Reddy,Engineer,Targeting a Big Data Engineer position to utilize my educational background and experience to drive results and achieve career objectives.,Other
Olivia Brown,Software Developer,"Targeting an AI Engineer position to contribute to the development of intelligent systems using Python, TensorFlow, and PyTorch. Eager to work on large-scale AI projects in a collaborative environment.",Software Engineer
Matthew Rao,Developer,Targeting a Full-Stack Developer position to utilize my educational background and experience to drive results and achieve career objectives.,Software Engineer
Aisha Wilson,Engineer,Seeking a challenging role as a Machine Learning Engineer where I can apply my skills and knowledge to contribute to organizational success and professional growth.,Other
Ashley Liu,Developer,Seeking a challenging role as a Mobile Applications Developer where I can apply my skills and knowledge to contribute to organizational success and professional growth.,Software Engineer
Ankit Kim,Quantum Computing Specialist,"Seeking a Data Scientist role to apply statistical analysis, machine learning, and data visualization techniques to extract meaningful insights from complex datasets and drive data-driven decision making.",Other
Meera White,Backend Developer,Seeking a challenging role as a Backend Developer where I can apply my skills and knowledge to contribute to organizational success and professional growth.,Software Engineer
Sophia Wilson,Developer,Targeting a Software Developer position to utilize my educational background and experience to drive results and achieve career objectives.,Software Engineer
Diya Singh,Prompt Engineer,Looking for an opportunity as a Prompt Engineer to leverage my expertise in information technology and make a meaningful impact in the industry.,Prompt Engineer
Aditi Thompson,Developer,Looking for an opportunity as a Software Developer to leverage my expertise in artificial intelligence and make a meaningful impact in the industry.,Software Engineer
Joshua Subramanian,Engineer,"Looking for a Software Engineer role where I can contribute to full-stack development, write clean and maintainable code, and collaborate with cross-functional teams.",Other
Amelia Agarwal,Engineer,Targeting a Site Reliability Engineer position to utilize my educational background and experience to drive results and achieve career objectives.,Other
Arya Bansal,Architect,Seeking a challenging role as a Cloud Architect where I can apply my skills and knowledge to contribute to organizational success and professional growth.,Other
Aarav Rao,Engineer,Looking for an opportunity as a Blockchain Engineer to leverage my expertise in cybersecurity and make a meaningful impact in the industry.,Other
Sophia Gupta,Developer,Looking for an opportunity as a Mobile Applications Developer to leverage my expertise in machine learning and make a meaningful impact in the industry.,Software Engineer
Rahul Yang,Machine Learning Engineer,Targeting a Machine Learning Engineer position to utilize my educational background and experience to drive results and achieve career objectives.,Machine Learning Engineer
Vikram Iyer,Engineer,Targeting a Prompt Engineer position to utilize my educational background and experience to drive results and achieve career objectives.,Other
Priya Reddy,Developer,Looking for an opportunity as a Full-Stack Developer to leverage my expertise in electrical engineering and make a meaningful impact in the industry.,Software Engineer
Samantha Iyer,Cybersecurity Engineer,Targeting a Cybersecurity Engineer position to utilize my educational background and experience to drive results and achieve career objectives.,Cybersecurity Engineer
Liam Moore,Manager,Targeting a Product Manager position to lead cross-functional teams in building products that meet customer needs and achieve business objectives.,Other
Vikram Smith,UI/UX Designer,Seeking a challenging role as a Cybersecurity Engineer where I can apply my skills and knowledge to contribute to organizational success and professional growth.,Other
Aisha Miller,Cloud Architect,Looking for an opportunity as a Cloud Architect to leverage my expertise in data science and make a meaningful impact in the industry.,Cloud Architect
Arjun Moore,Engineer,Seeking a challenging role as a Machine Learning Engineer where I can apply my skills and knowledge to contribute to organizational success and professional growth.,Other
Jessica Thompson,Mobile Applications Developer,Seeking a challenging role as a Mobile Applications Developer where I can apply my skills and knowledge to contribute to organizational success and professional growth.,Software Engineer
Amanda Subramanian,Unspecified Role,Seeking a challenging role as a AI Ethics Officer where I can apply my skills and knowledge to contribute to organizational success and professional growth.,Other
Matthew Rao,Engineer,Seeking a challenging role as a Site Reliability Engineer where I can apply my skills and knowledge to contribute to organizational success and professional growth.,Other
Charlotte Srinivasan,Developer,Seeking a challenging role as a Full-Stack Developer where I can apply my skills and knowledge to contribute to organizational success and professional growth.,Software Engineer
Meera Johnson,UI/UX Designer,"Seeking a UI/UX Designer role to create intuitive and engaging user experiences through user research, wireframing, prototyping, and visual design.",Other
Emily Taylor,Prompt Engineer,Seeking a challenging role as a Prompt Engineer where I can apply my skills and knowledge to contribute to organizational success and professional growth.,Prompt Engineer
Olivia Srinivasan,Unspecified Role,Looking for a UI/UX Designer position where I can combine creativity with analytical thinking to design user-centered interfaces that solve real problems.,Other
Ananya Yang,Prompt Engineer,Seeking a challenging role as a Prompt Engineer where I can apply my skills and knowledge to contribute to organizational success and professional growth.,Prompt Engineer
Isabella Garcia,Site Reliability Engineer,Looking for an opportunity as a Site Reliability Engineer to leverage my expertise in machine learning and make a meaningful impact in the industry.,Other
Aisha Wang,Manager,"Looking for a Product Manager role where I can leverage market research, user feedback, and data analysis to guide product development decisions.",Other
Karan Thompson,Engineer,"Targeting an AI Engineer position to contribute to the development of intelligent systems using Python, TensorFlow, and PyTorch. Eager to work on large-scale AI projects in a collaborative environment.",Other
Diya Rao,Developer,Looking for an opportunity as a Full-Stack Developer to leverage my expertise in software engineering and make a meaningful impact in the industry.,Software Engineer
Aryan Jain,Site Reliability Engineer,Seeking a challenging role as a Site Reliability Engineer where I can apply my skills and knowledge to contribute to organizational success and professional growth.,Other
Mason Taylor,Unspecified Role,Targeting a AI Ethics Officer position to utilize my educational background and experience to drive results and achieve career objectives.,Other
Ava Verma,Developer,Seeking a challenging role as a Backend Developer where I can apply my skills and knowledge to contribute to organizational success and professional growth.,Software Engineer
Olivia Lee,Engineer,Looking for an opportunity as a Big Data Engineer to leverage my expertise in data science and make a meaningful impact in the industry.,Other
Aarav Venkatesh,Cloud Engineer,Looking for a UI/UX Designer position where I can combine creativity with analytical thinking to design user-centered interfaces that solve real problems.,Cloud Architect
Jackson Thomas,Software Engineer,"Looking for a Software Engineer role where I can contribute to full-stack development, write clean and maintainable code, and collaborate with cross-functional teams.",Software Engineer
Samantha Williams,Full-Stack Developer,Seeking a challenging role as a Full-Stack Developer where I can apply my skills and knowledge to contribute to organizational success and professional growth.,Software Engineer
Akash Martinez,Engineer,"Targeting a DevOps Engineer role to work with containerization technologies, configuration management tools, and cloud platforms to optimize software delivery.",Other
Sneha Iyer,Scientist,"Seeking a Data Scientist role to apply statistical analysis, machine learning, and data visualization techniques to extract meaningful insights from complex datasets and drive data-driven decision making.",Other
Alexander Brown,Product Manager,Targeting a Product Manager position to lead cross-functional teams in building products that meet customer needs and achieve business objectives.,Other
Joshua Davis,Developer,Seeking a challenging role as a Full-Stack Developer where I can apply my skills and knowledge to contribute to organizational success and professional growth.,Software Engineer
Rahul Patel,Engineer,Seeking a challenging role as a Blockchain Engineer where I can apply my skills and knowledge to contribute to organizational success and professional growth.,Other
Priya Reddy,Engineer,"Seeking a DevOps Engineer role to bridge development and operations teams by implementing CI/CD pipelines, infrastructure automation, and monitoring solutions.",Other
Andrew Brown,Machine Learning Engineer,Looking for an opportunity as a Machine Learning Engineer to leverage my expertise in computer science and make a meaningful impact in the industry.,Machine Learning Engineer
Aisha Garcia,Engineer,Looking for an opportunity as a Machine Learning Engineer to leverage my expertise in software engineering and make a meaningful impact in the industry.,Other
Aadhya Krishnan,Product Manager,Targeting a Product Manager position to lead cross-functional teams in building products that meet customer needs and achieve business objectives.,Other
Ava Taylor,Developer,Looking for an opportunity as a Mobile Applications Developer to leverage my expertise in software engineering and make a meaningful impact in the industry.,Software Engineer
Matthew Menon,Big Data Engineer,Targeting a Big Data Engineer position to utilize my educational background and experience to drive results and achieve career objectives.,Other
Olivia Zhang,Quantum Computing Specialist,Targeting a Quantum Computing Specialist position to utilize my educational background and experience to drive results and achieve career objectives.,Other
Harper Johnson,Software Developer,Targeting a Software Developer position to utilize my educational background and experience to drive results and achieve career objectives.,Software Engineer
Ananya Patel,Prompt Engineer,Looking for an opportunity as a Prompt Engineer to leverage my expertise in computer science and make a meaningful impact in the industry.,Prompt Engineer
Priya Anderson,Backend Developer,Seeking a challenging role as a Quantum Computing Specialist where I can apply my skills and knowledge to contribute to organizational success and professional growth.,Software Engineer
Ethan Agarwal,Unspecified Role,Looking for an opportunity as a AI Ethics Officer to leverage my expertise in artificial intelligence and make a meaningful impact in the industry.,Other
Akash Thomas,Backend Developer,Seeking a challenging role as a Backend Developer where I can apply my skills and knowledge to contribute to organizational success and professional growth.,Software Engineer
Rahul Wilson,Unspecified Role,"Targeting a UI/UX Designer role to contribute to the entire design process from concept to implementation, ensuring optimal user satisfaction and usability.",Other
Meera Verma,Full-Stack Developer,Looking for an opportunity as a Full-Stack Developer to leverage my expertise in machine learning and make a meaningful impact in the industry.,Software Engineer
Jessica Gupta,Engineer,"Seeking a challenging role as an AI Engineer to develop and implement cutting-edge artificial intelligence solutions. Looking to work on machine learning models, neural networks, and AI-driven applications that solve real-world business problems.",Other
Joshua Anderson,Mobile Applications Developer,Targeting a Mobile Applications Developer position to utilize my educational background and experience to drive results and achieve career objectives.,Software Engineer
Akash Hernandez,Software Engineer,"Seeking a Software Engineer position to develop high-quality, scalable software solutions using modern programming languages and development methodologies.",Software Engineer
Liam Wilson,Developer,Targeting a Software Developer position to utilize my educational background and experience to drive results and achieve career objectives.,Software Engineer
Ava Rodriguez,AI Ethics Officer,Targeting a AI Ethics Officer position to utilize my educational background and experience to drive results and achieve career objectives.,Other
Priya Thomas,Quantum Computing Specialist,Targeting a Quantum Computing Specialist position to utilize my educational background and experience to drive results and achieve career objectives.,Other
Samantha Hernandez,Developer,Looking for an opportunity as a Full-Stack Developer to leverage my expertise in cybersecurity and make a meaningful impact in the industry.,Software Engineer
Arya Davis,Engineer,"Looking for a DevOps Engineer position where I can streamline software deployment processes, improve system reliability, and foster a culture of continuous integration and delivery.",Other
Matthew Reddy,Unspecified Role,Seeking a challenging role as a AI Ethics Officer where I can apply my skills and knowledge to contribute to organizational success and professional growth.,Other
Vikram Rodriguez,Quantum Computing Specialist,Looking for an opportunity as a Machine Learning Engineer to leverage my expertise in robotics and make a meaningful impact in the industry.,Other
Ashley Williams,Product Manager,"Looking for a Product Manager role where I can leverage market research, user feedback, and data analysis to guide product development decisions.",Other
Andrew Williams,Scientist,"Targeting a Data Scientist position where I can utilize my expertise in Python, R, SQL, and machine learning algorithms to solve business challenges through data analysis and predictive modeling.",Other
Diya Jain,MLOps Specialist,Looking for an opportunity as a MLOps Specialist to leverage my expertise in data science and make a meaningful impact in the industry.,Other
Rohan Smith,Engineer,Targeting a Blockchain Engineer position to utilize my educational background and experience to drive results and achieve career objectives.,Other
Alexander Pillai,Developer,Seeking a challenging role as a Full-Stack Developer where I can apply my skills and knowledge to contribute to organizational success and professional growth.,Software Engineer
Arjun Mittal,Manager,"Looking for a Product Manager role where I can leverage market research, user feedback, and data analysis to guide product development decisions.",Other
David Moore,Engineer,"Seeking a Software Engineer position to develop high-quality, scalable software solutions using modern programming languages and development methodologies.",Other
Samantha Jones,Developer,Looking for an opportunity as a Full-Stack Developer to leverage my expertise in cybersecurity and make a meaningful impact in the industry.,Software Engineer
Ashley Gupta,Full-Stack Developer,Targeting a Full-Stack Developer position to utilize my educational background and experience to drive results and achieve career objectives.,Software Engineer
Isabella Thompson,Developer,Targeting a Backend Developer position to utilize my educational background and experience to drive results and achieve career objectives.,Software Engineer
Mason Thomas,Software Developer,Looking for an opportunity as a Software Developer to leverage my expertise in data science and make a meaningful impact in the industry.,Software Engineer
Priya Pillai,Product Manager,"Seeking a Product Manager position to drive product strategy, define roadmaps, and collaborate with engineering and design teams to deliver successful products.",Other
Aditi Thomas,Engineer,Looking for an opportunity as a Big Data Engineer to leverage my expertise in artificial intelligence and make a meaningful impact in the industry.,Other
Noah Jain,AI Ethics Officer,Looking for an opportunity as a AI Ethics Officer to leverage my expertise in computer science and make a meaningful impact in the industry.,Other
Christopher Hernandez,Engineer,Seeking a challenging role as a Site Reliability Engineer where I can apply my skills and knowledge to contribute to organizational success and professional growth.,Other
Jackson Wang,Quantum Computing Specialist,Seeking a challenging role as a Software Developer where I can apply my skills and knowledge to contribute to organizational success and professional growth.,Other
James Yang,Full-Stack Developer,Targeting a Full-Stack Developer position to utilize my educational background and experience to drive results and achieve career objectives.,Software Engineer
Emma Singh,Engineer,Seeking a challenging role as a Machine Learning Engineer where I can apply my skills and knowledge to contribute to organizational success and professional growth.,Other
Ava Pillai,Frontend Developer,Seeking a challenging role as a Frontend Developer where I can apply my skills and knowledge to contribute to organizational success and professional growth.,Software Engineer
Sneha Agarwal,UI/UX Designer,Looking for a UI/UX Designer position where I can combine creativity with analytical thinking to design user-centered interfaces that solve real problems.,Other
Ankit Jackson,Architect,Seeking a challenging role as a Cloud Architect where I can apply my skills and knowledge to contribute to organizational success and professional growth.,Other
Rahul Wilson,Developer,Seeking a challenging role as a Full-Stack Developer where I can apply my skills and knowledge to contribute to organizational success and professional growth.,Software Engineer
Amanda Liu,Engineer,Targeting a Prompt Engineer position to utilize my educational background and experience to drive results and achieve career objectives.,Other
Ethan Patel,Software Developer,Looking for an opportunity as a Software Developer to leverage my expertise in robotics and make a meaningful impact in the industry.,Software Engineer
Jackson Sharma,Cloud Architect,Targeting a Full-Stack Developer position to utilize my educational background and experience to drive results and achieve career objectives.,Cloud Architect
Aarav Thompson,Machine Learning Engineer,"Seeking a challenging role as an AI Engineer to develop and implement cutting-edge artificial intelligence solutions. Looking to work on machine learning models, neural networks, and AI-driven applications that solve real-world business problems.",Machine Learning Engineer
Aarav Smith,Developer,Seeking a challenging role as a Mobile Applications Developer where I can apply my skills and knowledge to contribute to organizational success and professional growth.,Software Engineer
Joshua Wang,AI Engineer,"Aspiring to join a dynamic team as an AI Engineer where I can leverage my expertise in deep learning, natural language processing, and computer vision to build innovative AI products and services.",AI Engineer
Noah Agarwal,Unspecified Role,Seeking a challenging role as a Quantum Computing Specialist where I can apply my skills and knowledge to contribute to organizational success and professional growth.,Other
Ava Martin,Full-Stack Developer,Seeking a challenging role as a Full-Stack Developer where I can apply my skills and knowledge to contribute to organizational success and professional growth.,Software Engineer
Diya Iyer,Cloud Architect,Targeting a Cloud Architect position to utilize my educational background and experience to drive results and achieve career objectives.,Cloud Architect
Diya Wilson,Frontend Developer,Looking for an opportunity as a Frontend Developer to leverage my expertise in artificial intelligence and make a meaningful impact in the industry.,Software Engineer
Jackson Krishnan,Prompt Engineer,Targeting a Prompt Engineer position to utilize my educational background and experience to drive results and achieve career objectives.,Prompt Engineer
Isabella Lee,Prompt Engineer,Looking for an opportunity as a Prompt Engineer to leverage my expertise in electronics engineering and make a meaningful impact in the industry.,Prompt Engineer
Rohan Moore,Unspecified Role,Targeting a AI Ethics Officer position to utilize my educational background and experience to drive results and achieve career objectives.,Other
Ananya Reddy,DevOps Engineer,"Seeking a DevOps Engineer role to bridge development and operations teams by implementing CI/CD pipelines, infrastructure automation, and monitoring solutions.",DevOps Engineer
Ankit Anderson,Manager,"Seeking a Product Manager position to drive product strategy, define roadmaps, and collaborate with engineering and design teams to deliver successful products.",Other
Alexander Brown,Analyst,"Seeking a Cybersecurity Analyst position to protect organizational assets by implementing security measures, conducting vulnerability assessments, and responding to security incidents.",Other
Jessica Martinez,Mobile Applications Developer,Targeting a Mobile Applications Developer position to utilize my educational background and experience to drive results and achieve career objectives.,Software Engineer
Emily Wilson,Mobile Applications Developer,Targeting a Mobile Applications Developer position to utilize my educational background and experience to drive results and achieve career objectives.,Software Engineer
Meera Garcia,Blockchain Engineer,"Aspiring to join a dynamic team as an AI Engineer where I can leverage my expertise in deep learning, natural language processing, and computer vision to build innovative AI products and services.",Other
Emma Smith,MLOps Specialist,Targeting a MLOps Specialist position to utilize my educational background and experience to drive results and achieve career objectives.,Other
Ava Thompson,Blockchain Engineer,Targeting a Blockchain Engineer position to utilize my educational background and experience to drive results and achieve career objectives.,Other
Priya Jackson,Cloud Architect,Targeting a Cloud Architect position to utilize my educational background and experience to drive results and achieve career objectives.,Cloud Architect
Liam Garcia,MLOps Specialist,Seeking a challenging role as a MLOps Specialist where I can apply my skills and knowledge to contribute to organizational success and professional growth.,Other
Evelyn Johnson,Customer Success Manager,Targeting a Brand Manager position to utilize my educational background and experience to drive results and achieve career objectives.,Other
Meera Liu,Manager,"Looking for a Marketing Manager role where I can leverage digital marketing, content creation, and data analytics to achieve marketing objectives.",Other
Alexander Hernandez,Manager,Seeking a challenging role as a Account Manager where I can apply my skills and knowledge to contribute to organizational success and professional growth.,Other
Ethan Miller,Manager,Looking for an opportunity as a Customer Success Manager to leverage my expertise in civil engineering and make a meaningful impact in the industry.,Other
Alexander Kim,Project Manager,Looking for an opportunity as a Business Analyst to leverage my expertise in chemistry and make a meaningful impact in the industry.,Other
Aditi Verma,Nurse,Seeking a Mental Health Practitioner position to provide compassionate counseling and therapy services to individuals struggling with mental health challenges.,Other
Alexander Anderson,Brand Manager,Targeting a Brand Manager position to utilize my educational background and experience to drive results and achieve career objectives.,Other
Olivia Martin,Manager,Seeking a challenging role as a Account Manager where I can apply my skills and knowledge to contribute to organizational success and professional growth.,Other
Jessica White,Operations Manager,Looking for an opportunity as a Operations Manager to leverage my expertise in chemistry and make a meaningful impact in the industry.,Other
Amanda Moore,Market Research Analyst,Seeking a challenging role as a Market Research Analyst where I can apply my skills and knowledge to contribute to organizational success and professional growth.,AI Researcher
Karan Reddy,Marketing Manager,"Seeking a Marketing Manager position to develop and execute comprehensive marketing strategies that drive brand awareness, customer engagement, and revenue growth.",Other
Isabella Garcia,Mental Health Practitioner,Looking for an opportunity as a Director of Operations to leverage my expertise in communications and make a meaningful impact in the industry.,Other
Liam Singh,Unspecified Role,Seeking a challenging role as a Digital Marketing Specialist where I can apply my skills and knowledge to contribute to organizational success and professional growth.,Other
Karan Sharma,Market Research Analyst,Seeking a challenging role as a Market Research Analyst where I can apply my skills and knowledge to contribute to organizational success and professional growth.,AI Researcher
Amelia Anderson,Human Resources Manager,Seeking a challenging role as a Human Resources Manager where I can apply my skills and knowledge to contribute to organizational success and professional growth.,Other
Aryan Jain,Manager,Looking for an opportunity as a Social Media Manager to leverage my expertise in accounting and make a meaningful impact in the industry.,Other
Emma Moore,Business Development Manager,Seeking a challenging role as a Restaurant Specialist where I can apply my skills and knowledge to contribute to organizational success and professional growth.,Other
Ava Martin,Manager,Looking for an opportunity as a Social Media Manager to leverage my expertise in biology and make a meaningful impact in the industry.,Other
Karan Thomas,Analyst,Looking for an opportunity as a Business Analyst to leverage my expertise in operations management and make a meaningful impact in the industry.,Other
Amanda Srinivasan,Sales Representative,Seeking a challenging role as a Human Resources Manager where I can apply my skills and knowledge to contribute to organizational success and professional growth.,Other
Ethan Miller,Mental Health Practitioner,Targeting a Digital Marketing Specialist position to utilize my educational background and experience to drive results and achieve career objectives.,Other
Jessica Kumar,Project Manager,Seeking a challenging role as a Project Manager where I can apply my skills and knowledge to contribute to organizational success and professional growth.,Other
Priya Verma,Restaurant Specialist,Seeking a challenging role as a Restaurant Specialist where I can apply my skills and knowledge to contribute to organizational success and professional growth.,Other
Arya Jain,Unspecified Role,Seeking a challenging role as a Restaurant Specialist where I can apply my skills and knowledge to contribute to organizational success and professional growth.,Other
Benjamin Gupta,Project Manager,Looking for an opportunity as a Project Manager to leverage my expertise in nursing and make a meaningful impact in the industry.,Other
Samantha Jackson,Manager,Targeting a Account Manager position to utilize my educational background and experience to drive results and achieve career objectives.,Other
Benjamin Verma,Mental Health Practitioner,Seeking a Mental Health Practitioner position to provide compassionate counseling and therapy services to individuals struggling with mental health challenges.,Other
Sarah Wilson,Salesperson,Looking for an opportunity as a Salesperson to leverage my expertise in mechanical engineering and make a meaningful impact in the industry.,Other
Michael Verma,Unspecified Role,Seeking a challenging role as a Dentist where I can apply my skills and knowledge to contribute to organizational success and professional growth.,Other
Lucas Martinez,Manager,Targeting a Project Manager position to utilize my educational background and experience to drive results and achieve career objectives.,Other
Aadhya Agarwal,Analyst,"Looking for a Financial Analyst role where I can apply my analytical skills to evaluate investment opportunities, assess financial performance, and prepare detailed reports.",Other
Noah Zhang,Business Analyst,Looking for an opportunity as a Business Analyst to leverage my expertise in political science and make a meaningful impact in the industry.,Other
Aryan Martin,Analyst,Targeting a Market Research Analyst position to utilize my educational background and experience to drive results and achieve career objectives.,Other
Jackson Bansal,Unspecified Role,"Seeking a Registered Nurse position to provide high-quality patient care in a healthcare setting, utilizing clinical skills and compassionate bedside manner.",Other
Ashley Sharma,Manager,Looking for an opportunity as a Social Media Manager to leverage my expertise in civil engineering and make a meaningful impact in the industry.,Other
Benjamin Williams,Restaurant Specialist,Looking for an opportunity as a Restaurant Specialist to leverage my expertise in chemical engineering and make a meaningful impact in the industry.,Other
Arya Rodriguez,Mental Health Practitioner,Looking for an opportunity as a Operations Manager to leverage my expertise in psychology and make a meaningful impact in the industry.,Other
Alexander Jones,Digital Marketing Specialist,Targeting a Market Research Analyst position to utilize my educational background and experience to drive results and achieve career objectives.,Other
Liam Lee,Director of Operations,Looking for an opportunity as a Director of Operations to leverage my expertise in psychology and make a meaningful impact in the industry.,Other
Ananya Hernandez,Unspecified Role,Seeking a challenging role as a Director of Operations where I can apply my skills and knowledge to contribute to organizational success and professional growth.,Other
Ananya Krishnan,Manager,Looking for an opportunity as a Account Manager to leverage my expertise in business administration and make a meaningful impact in the industry.,Other
Aadhya Srinivasan,Unspecified Role,Seeking a challenging role as a Sales Representative where I can apply my skills and knowledge to contribute to organizational success and professional growth.,Other
Priya Wang,Human Resources Manager,"Targeting a Mental Health Practitioner position to make a meaningful impact in people's lives through professional counseling, assessment, and treatment planning.",Other
Ananya Lee,Manager,"Seeking a Business Development Manager position to identify new market opportunities, build strategic partnerships, and drive revenue growth through relationship building.",Other
Amanda Zhang,Unspecified Role,Looking for an opportunity as a Salesperson to leverage my expertise in operations management and make a meaningful impact in the industry.,Other
Ananya Gupta,Marketing Manager,"Seeking a Marketing Manager position to develop and execute comprehensive marketing strategies that drive brand awareness, customer engagement, and revenue growth.",Other
Amanda Zhou,Social Media Manager,Targeting a Project Manager position to utilize my educational background and experience to drive results and achieve career objectives.,Other
Liam Menon,Nurse,Looking for an opportunity as a Business Analyst to leverage my expertise in business administration and make a meaningful impact in the industry.,Other
Rahul Brown,Analyst,Seeking a challenging role as a Business Analyst where I can apply my skills and knowledge to contribute to organizational success and professional growth.,Other
Andrew Verma,Mental Health Practitioner,Looking for a role as a Mental Health Practitioner where I can utilize evidence-based therapeutic approaches to support clients in their journey toward mental wellness.,Other
Alexander Chen,Salesperson,Looking for an opportunity as a Salesperson to leverage my expertise in operations management and make a meaningful impact in the industry.,Other
Alexander Reddy,Unspecified Role,"Looking for a nursing role where I can contribute to patient recovery, health education, and interdisciplinary healthcare team collaboration.",Other
Meera Jain,Analyst,Looking for an opportunity as a Business Analyst to leverage my expertise in dentistry and make a meaningful impact in the industry.,Other
Noah Garcia,Market Research Analyst,Looking for an opportunity as a Human Resources Manager to leverage my expertise in english literature and make a meaningful impact in the industry.,AI Researcher
Sarah Zhang,Business Analyst,Targeting a Operations Manager position to utilize my educational background and experience to drive results and achieve career objectives.,Other
Amanda Martinez,Marketing Manager,"Seeking a Marketing Manager position to develop and execute comprehensive marketing strategies that drive brand awareness, customer engagement, and revenue growth.",Other
Liam Moore,Project Manager,Seeking a challenging role as a Project Manager where I can apply my skills and knowledge to contribute to organizational success and professional growth.,Other
Lucas Anderson,Nurse,"Looking for a nursing role where I can contribute to patient recovery, health education, and interdisciplinary healthcare team collaboration.",Other
Amanda Jones,Content Manager,Seeking a challenging role as a Content Manager where I can apply my skills and knowledge to contribute to organizational success and professional growth.,Other
Michael Singh,Manager,Seeking a challenging role as a Content Manager where I can apply my skills and knowledge to contribute to organizational success and professional growth.,Other
Aryan Agarwal,Content Manager,Targeting a Content Manager position to utilize my educational background and experience to drive results and achieve career objectives.,Other
Benjamin Bansal,Content Manager,Targeting a Market Research Analyst position to utilize my educational background and experience to drive results and achieve career objectives.,Other
Sneha Mittal,Director of Operations,Looking for an opportunity as a Director of Operations to leverage my expertise in biology and make a meaningful impact in the industry.,Other
Harper Jackson,Market Research Analyst,Seeking a challenging role as a Market Research Analyst where I can apply my skills and knowledge to contribute to organizational success and professional growth.,AI Researcher
Andrew Brown,Nurse,Seeking a challenging role as a Business Analyst where I can apply my skills and knowledge to contribute to organizational success and professional growth.,Other
Jackson Martinez,Manager,Seeking a challenging role as a Account Manager where I can apply my skills and knowledge to contribute to organizational success and professional growth.,Other
Jessica Thomas,Digital Marketing Specialist,"Looking for a nursing role where I can contribute to patient recovery, health education, and interdisciplinary healthcare team collaboration.",Other
Rohan Kim,Unspecified Role,Targeting a Digital Marketing Specialist position to utilize my educational background and experience to drive results and achieve career objectives.,Other
Mason Krishnan,Market Research Analyst,Targeting a Market Research Analyst position to utilize my educational background and experience to drive results and achieve career objectives.,AI Researcher
Ankit White,Manager,Targeting a Brand Manager position to utilize my educational background and experience to drive results and achieve career objectives.,Other
Arjun Park,Mental Health Practitioner,Seeking a Mental Health Practitioner position to provide compassionate counseling and therapy services to individuals struggling with mental health challenges.,Other
Harper Park,Sales Representative,Looking for an opportunity as a Sales Representative to leverage my expertise in physics and make a meaningful impact in the industry.,Other
Olivia Zhou,Unspecified Role,Seeking a challenging role as a Sales Representative where I can apply my skills and knowledge to contribute to organizational success and professional growth.,Other
Jessica Nair,Unspecified Role,Targeting a Dentist position to utilize my educational background and experience to drive results and achieve career objectives.,Other
Emily Verma,Content Manager,Seeking a challenging role as a Content Manager where I can apply my skills and knowledge to contribute to organizational success and professional growth.,Other
Aditi Zhang,Unspecified Role,Seeking a Mental Health Practitioner position to provide compassionate counseling and therapy services to individuals struggling with mental health challenges.,Other
Benjamin Verma,Brand Manager,Seeking a challenging role as a Brand Manager where I can apply my skills and knowledge to contribute to organizational success and professional growth.,Other
Arjun Wilson,Customer Success Manager,Looking for an opportunity as a Customer Success Manager to leverage my expertise in nursing and make a meaningful impact in the industry.,Other
Jackson Nair,Project Manager,Targeting a Project Manager position to utilize my educational background and experience to drive results and achieve career objectives.,Other
Abhinav Agarwal,Counselor,Seeking a challenging role as a Counselor where I can apply my skills and knowledge to contribute to organizational success and professional growth.,Other
Aisha Sharma,Project Manager,Seeking a challenging role as a Sales Representative where I can apply my skills and knowledge to contribute to organizational success and professional growth.,Other
Sneha Johnson,Operations Manager,Looking for a role as a Mental Health Practitioner where I can utilize evidence-based therapeutic approaches to support clients in their journey toward mental wellness.,Other
Vikram Zhou,Financial Analyst,"Looking for a Financial Analyst role where I can apply my analytical skills to evaluate investment opportunities, assess financial performance, and prepare detailed reports.",Other
Ananya Chen,Mental Health Practitioner,Seeking a challenging role as a Dentist where I can apply my skills and knowledge to contribute to organizational success and professional growth.,Other
Abhinav Anderson,Unspecified Role,Looking for an opportunity as a Digital Marketing Specialist to leverage my expertise in medicine and make a meaningful impact in the industry.,Other
Ethan Lee,Nurse,Targeting a Nurse position to apply my clinical knowledge and caring attitude in delivering comprehensive patient care and support.,Other
Aisha Zhang,Nurse,Targeting a Content Manager position to utilize my educational background and experience to drive results and achieve career objectives.,Other
Kavya Wilson,Manager,"Targeting a Business Development Manager position to contribute to organizational growth through strategic planning, client acquisition, and partnership development.",Other
Ankit Smith,Director of Operations,Seeking a challenging role as a Director of Operations where I can apply my skills and knowledge to contribute to organizational success and professional growth.,Other
Christopher Menon,Operations Manager,"Looking for a Financial Analyst role where I can apply my analytical skills to evaluate investment opportunities, assess financial performance, and prepare detailed reports.",Other
Alexander Smith,Counselor,Targeting a Counselor position to utilize my educational background and experience to drive results and achieve career objectives.,Other
James Verma,Digital Marketing Specialist,Seeking a challenging role as a Digital Marketing Specialist where I can apply my skills and knowledge to contribute to organizational success and professional growth.,Other
Vikram Liu,Account Manager,"Seeking a Registered Nurse position to provide high-quality patient care in a healthcare setting, utilizing clinical skills and compassionate bedside manner.",Other
Noah Zhang,Marketing Manager,"Seeking a Marketing Manager position to develop and execute comprehensive marketing strategies that drive brand awareness, customer engagement, and revenue growth.",Other
Abhinav Zhou,Project Manager,Looking for an opportunity as a Business Analyst to leverage my expertise in communications and make a meaningful impact in the industry.,Other
Michael Kumar,Human Resources Manager,Looking for an opportunity as a Human Resources Manager to leverage my expertise in supply chain management and make a meaningful impact in the industry.,Other
James Liu,Salesperson,Targeting a Salesperson position to utilize my educational background and experience to drive results and achieve career objectives.,Other
David Jones,Unspecified Role,Targeting a Director of Operations position to utilize my educational background and experience to drive results and achieve career objectives.,Other
Joshua Johnson,Analyst,Targeting a Business Analyst position to utilize my educational background and experience to drive results and achieve career objectives.,Other
Isabella Kim,Customer Success Manager,Targeting a Customer Success Manager position to utilize my educational background and experience to drive results and achieve career objectives.,Other
Arya Kim,Unspecified Role,"Seeking a Registered Nurse position to provide high-quality patient care in a healthcare setting, utilizing clinical skills and compassionate bedside manner.",Other
Andrew Reddy,Manager,Seeking a challenging role as a Human Resources Manager where I can apply my skills and knowledge to contribute to organizational success and professional growth.,Other
Meera Singh,Unspecified Role,Seeking a challenging role as a Digital Marketing Specialist where I can apply my skills and knowledge to contribute to organizational success and professional growth.,Other
Evelyn Chen,Digital Marketing Specialist,Targeting a Account Manager position to utilize my educational background and experience to drive results and achieve career objectives.,Other
Mason Garcia,Director of Operations,Targeting a Director of Operations position to utilize my educational background and experience to drive results and achieve career objectives.,Other
Emily Miller,Operations Manager,Looking for an opportunity as a Operations Manager to leverage my expertise in operations management and make a meaningful impact in the industry.,Other
Amanda Jain,Manager,Seeking a challenging role as a Social Media Manager where I can apply my skills and knowledge to contribute to organizational success and professional growth.,Other
Ava Wu,Manager,Seeking a challenging role as a Human Resources Manager where I can apply my skills and knowledge to contribute to organizational success and professional growth.,Other
Samantha Zhou,Counselor,Seeking a challenging role as a Counselor where I can apply my skills and knowledge to contribute to organizational success and professional growth.,Other
Mason Williams,Business Analyst,Seeking a challenging role as a Business Analyst where I can apply my skills and knowledge to contribute to organizational success and professional growth.,Other
Sarah Mittal,Market Research Analyst,Seeking a challenging role as a Market Research Analyst where I can apply my skills and knowledge to contribute to organizational success and professional growth.,AI Researcher
Abhinav Jain,Director of Operations,Targeting a Director of Operations position to utilize my educational background and experience to drive results and achieve career objectives.,Other
Aadhya Park,Salesperson,Seeking a challenging role as a Salesperson where I can apply my skills and knowledge to contribute to organizational success and professional growth.,Other
Diya Rodriguez,Manager,Looking for an opportunity as a Account Manager to leverage my expertise in journalism and make a meaningful impact in the industry.,Other
Arjun Zhou,Market Research Analyst,Seeking a challenging role as a Market Research Analyst where I can apply my skills and knowledge to contribute to organizational success and professional growth.,AI Researcher
Ava Patel,Unspecified Role,"Looking for a nursing role where I can contribute to patient recovery, health education, and interdisciplinary healthcare team collaboration.",Other
Harper Srinivasan,Unspecified Role,Seeking a challenging role as a Salesperson where I can apply my skills and knowledge to contribute to organizational success and professional growth.,Other
Ankit Verma,Restaurant Specialist,Looking for an opportunity as a Operations Manager to leverage my expertise in physics and make a meaningful impact in the industry.,Other
Ananya Bansal,Nurse,"Seeking a Registered Nurse position to provide high-quality patient care in a healthcare setting, utilizing clinical skills and compassionate bedside manner.",Other
Rahul Smith,Business Analyst,Looking for an opportunity as a Business Analyst to leverage my expertise in psychology and make a meaningful impact in the industry.,Other
Ethan Agarwal,Unspecified Role,Looking for an opportunity as a Director of Operations to leverage my expertise in medicine and make a meaningful impact in the industry.,Other
Liam Taylor,Marketing Manager,"Looking for a Marketing Manager role where I can leverage digital marketing, content creation, and data analytics to achieve marketing objectives.",Other
Harper Mittal,Unspecified Role,Seeking a challenging role as a Counselor where I can apply my skills and knowledge to contribute to organizational success and professional growth.,Other
Ankit Kumar,Market Research Analyst,Looking for an opportunity as a Market Research Analyst to leverage my expertise in civil engineering and make a meaningful impact in the industry.,AI Researcher
Jackson Park,Unspecified Role,"Seeking a Registered Nurse position to provide high-quality patient care in a healthcare setting, utilizing clinical skills and compassionate bedside manner.",Other
Olivia White,Marketing Manager,"Seeking a Financial Analyst position to provide financial insights, conduct market analysis, and support strategic decision-making through comprehensive financial modeling.",Other
Noah Yang,Unspecified Role,Targeting a Salesperson position to utilize my educational background and experience to drive results and achieve career objectives.,Other
Evelyn Menon,Mental Health Practitioner,"Targeting a Business Development Manager position to contribute to organizational growth through strategic planning, client acquisition, and partnership development.",Other
Kavya Nair,Business Analyst,Targeting a Business Analyst position to utilize my educational background and experience to drive results and achieve career objectives.,Other
Sophia Krishnan,Project Manager,Seeking a challenging role as a Project Manager where I can apply my skills and knowledge to contribute to organizational success and professional growth.,Other
Samantha Kim,Manager,Looking for an opportunity as a Operations Manager to leverage my expertise in architecture and make a meaningful impact in the industry.,Other
Abhinav Srinivasan,Dentist,Looking for an opportunity as a Dentist to leverage my expertise in dentistry and make a meaningful impact in the industry.,Other
Aryan Park,Brand Manager,Looking for an opportunity as a Brand Manager to leverage my expertise in pharmacy and make a meaningful impact in the industry.,Other
Aadhya Mittal,Business Development Manager,"Targeting a Business Development Manager position to contribute to organizational growth through strategic planning, client acquisition, and partnership development.",Other
Abhinav Jackson,Analyst,Looking for an opportunity as a Business Analyst to leverage my expertise in accounting and make a meaningful impact in the industry.,Other
Jessica Wu,Marketing Manager,"Looking for a Marketing Manager role where I can leverage digital marketing, content creation, and data analytics to achieve marketing objectives.",Other
Emily Zhou,Unspecified Role,Targeting a Restaurant Specialist position to utilize my educational background and experience to drive results and achieve career objectives.,Other
Michael Moore,Dentist,Looking for an opportunity as a Dentist to leverage my expertise in chemical engineering and make a meaningful impact in the industry.,Other
Lucas Martin,Manager,Looking for an opportunity as a Content Manager to leverage my expertise in biology and make a meaningful impact in the industry.,Other
Emily Srinivasan,Analyst,Looking for an opportunity as a Market Research Analyst to leverage my expertise in business administration and make a meaningful impact in the industry.,Other
Akash Jackson,Manager,Looking for an opportunity as a Project Manager to leverage my expertise in communications and make a meaningful impact in the industry.,Other
Rahul Sharma,Unspecified Role,Targeting a Sales Representative position to utilize my educational background and experience to drive results and achieve career objectives.,Other
Rohan Venkatesh,Counselor,Seeking a challenging role as a Director of Operations where I can apply my skills and knowledge to contribute to organizational success and professional growth.,Other
Sneha Subramanian,Manager,Seeking a challenging role as a Customer Success Manager where I can apply my skills and knowledge to contribute to organizational success and professional growth.,Other
Amelia Lee,Nurse,"Looking for a nursing role where I can contribute to patient recovery, health education, and interdisciplinary healthcare team collaboration.",Other
Arjun Wu,Analyst,Targeting a Market Research Analyst position to utilize my educational background and experience to drive results and achieve career objectives.,Other
Aadhya Agarwal,Manager,Targeting a Operations Manager position to utilize my educational background and experience to drive results and achieve career objectives.,Other
Michael Miller,Social Media Manager,Targeting a Social Media Manager position to utilize my educational background and experience to drive results and achieve career objectives.,Other
Alexander Wu,Brand Manager,Looking for an opportunity as a Brand Manager to leverage my expertise in chemistry and make a meaningful impact in the industry.,Other
Aditi Singh,Human Resources Manager,Looking for an opportunity as a Customer Success Manager to leverage my expertise in sociology and make a meaningful impact in the industry.,Other
Andrew Menon,Project Manager,Targeting a Digital Marketing Specialist position to utilize my educational background and experience to drive results and achieve career objectives.,Other
Alexander Chen,Mental Health Practitioner,"Targeting a Mental Health Practitioner position to make a meaningful impact in people's lives through professional counseling, assessment, and treatment planning.",Other
Sneha Mittal,Counselor,Seeking a challenging role as a Counselor where I can apply my skills and knowledge to contribute to organizational success and professional growth.,Other
Harper Taylor,Project Manager,Seeking a challenging role as a Customer Success Manager where I can apply my skills and knowledge to contribute to organizational success and professional growth.,Other
Aadhya Kim,Unspecified Role,Targeting a Digital Marketing Specialist position to utilize my educational background and experience to drive results and achieve career objectives.,Other
Diya Kumar,Project Manager,Targeting a Social Media Manager position to utilize my educational background and experience to drive results and achieve career objectives.,Other
Sophia Srinivasan,Unspecified Role,Seeking a challenging role as a Sales Representative where I can apply my skills and knowledge to contribute to organizational success and professional growth.,Other
Arya Jain,Business Development Manager,"Targeting a Business Development Manager position to contribute to organizational growth through strategic planning, client acquisition, and partnership development.",Other
Christopher Reddy,Dentist,Targeting a Dentist position to utilize my educational background and experience to drive results and achieve career objectives.,Other
Akash Srinivasan,Mental Health Practitioner,"Looking for a Marketing Manager role where I can leverage digital marketing, content creation, and data analytics to achieve marketing objectives.",Other
Joshua Srinivasan,Unspecified Role,"Targeting a Mental Health Practitioner position to make a meaningful impact in people's lives through professional counseling, assessment, and treatment planning.",Other
Akash Liu,Project Manager,Targeting a Project Manager position to utilize my educational background and experience to drive results and achieve career objectives.,Other
Olivia Rodriguez,Sales Representative,Looking for an opportunity as a Sales Representative to leverage my expertise in human resources and make a meaningful impact in the industry.,Other
Vikram Chen,Dentist,Seeking a challenging role as a Dentist where I can apply my skills and knowledge to contribute to organizational success and professional growth.,Other
Harper Wang,Analyst,Looking for an opportunity as a Business Analyst to leverage my expertise in sociology and make a meaningful impact in the industry.,Other
Rahul White,Marketing Manager,Looking for an opportunity as a Social Media Manager to leverage my expertise in human resources and make a meaningful impact in the industry.,Other
Liam Smith,Analyst,Looking for an opportunity as a Business Analyst to leverage my expertise in biology and make a meaningful impact in the industry.,Other
Abhinav Wilson,Social Media Manager,Looking for an opportunity as a Social Media Manager to leverage my expertise in journalism and make a meaningful impact in the industry.,Other
Emma Brown,Business Development Manager,"Seeking a Business Development Manager position to identify new market opportunities, build strategic partnerships, and drive revenue growth through relationship building.",Other
Alexander Menon,Unspecified Role,"Seeking a Registered Nurse position to provide high-quality patient care in a healthcare setting, utilizing clinical skills and compassionate bedside manner.",Other
Harper Gupta,Manager,Looking for an opportunity as a Human Resources Manager to leverage my expertise in medicine and make a meaningful impact in the industry.,Other
Ava Wang,Unspecified Role,Looking for an opportunity as a Salesperson to leverage my expertise in journalism and make a meaningful impact in the industry.,Other
Lucas Reddy,Unspecified Role,Looking for an opportunity as a Dentist to leverage my expertise in human resources and make a meaningful impact in the industry.,Other
Abhinav Mittal,Project Manager,Targeting a Counselor position to utilize my educational background and experience to drive results and achieve career objectives.,Other
Harper Thompson,Restaurant Specialist,Looking for an opportunity as a Restaurant Specialist to leverage my expertise in education and make a meaningful impact in the industry.,Other
Ethan Davis,Manager,Looking for an opportunity as a Content Manager to leverage my expertise in civil engineering and make a meaningful impact in the industry.,Other
Andrew Wilson,Unspecified Role,Targeting a Salesperson position to utilize my educational background and experience to drive results and achieve career objectives.,Other
Ashley Johnson,Content Manager,Seeking a challenging role as a Content Manager where I can apply my skills and knowledge to contribute to organizational success and professional growth.,Other
Aadhya Smith,Unspecified Role,Looking for an opportunity as a Director of Operations to leverage my expertise in marketing and make a meaningful impact in the industry.,Other
Ananya Wu,Manager,Seeking a challenging role as a Human Resources Manager where I can apply my skills and knowledge to contribute to organizational success and professional growth.,Other
Aditi Sharma,Manager,Seeking a challenging role as a Account Manager where I can apply my skills and knowledge to contribute to organizational success and professional growth.,Other
Noah Jackson,Digital Marketing Specialist,Targeting a Salesperson position to utilize my educational background and experience to drive results and achieve career objectives.,Other
Emily Mittal,Nurse,"Seeking a Registered Nurse position to provide high-quality patient care in a healthcare setting, utilizing clinical skills and compassionate bedside manner.",Other
Andrew Wang,Digital Marketing Specialist,Seeking a challenging role as a Digital Marketing Specialist where I can apply my skills and knowledge to contribute to organizational success and professional growth.,Other
Noah Smith,Operations Manager,Targeting a Operations Manager position to utilize my educational background and experience to drive results and achieve career objectives.,Other
Ashley Zhou,Unspecified Role,Targeting a Director of Operations position to utilize my educational background and experience to drive results and achieve career objectives.,Other
Rohan Martin,Human Resources Manager,Looking for an opportunity as a Market Research Analyst to leverage my expertise in accounting and make a meaningful impact in the industry.,Other
Samantha Krishnan,Manager,"Seeking a Business Development Manager position to identify new market opportunities, build strategic partnerships, and drive revenue growth through relationship building.",Other
Aadhya Wang,Manager,Looking for a Business Development Manager role where I can utilize my sales expertise and market knowledge to expand business reach and profitability.,Other
Emma Jones,Manager,"Seeking a Marketing Manager position to develop and execute comprehensive marketing strategies that drive brand awareness, customer engagement, and revenue growth.",Other
Andrew Jain,Director of Operations,Looking for an opportunity as a Director of Operations to leverage my expertise in chemistry and make a meaningful impact in the industry.,Other
Jackson Reddy,Unspecified Role,Targeting a Dentist position to utilize my educational background and experience to drive results and achieve career objectives.,Other
Samantha Reddy,Brand Manager,Targeting a Account Manager position to utilize my educational background and experience to drive results and achieve career objectives.,Other
Vikram Yang,Sales Representative,Seeking a challenging role as a Sales Representative where I can apply my skills and knowledge to contribute to organizational success and professional growth.,Other
Arjun Liu,Market Research Analyst,Seeking a challenging role as a Market Research Analyst where I can apply my skills and knowledge to contribute to organizational success and professional growth.,AI Researcher
Christopher Kumar,Manager,Targeting a Human Resources Manager position to utilize my educational background and experience to drive results and achieve career objectives.,Other
Akash Martin,Operations Manager,Targeting a Operations Manager position to utilize my educational background and experience to drive results and achieve career objectives.,Other
Alexander Moore,Account Manager,Looking for an opportunity as a Account Manager to leverage my expertise in supply chain management and make a meaningful impact in the industry.,Other
Sophia Wang,Digital Marketing Specialist,"Seeking a Financial Analyst position to provide financial insights, conduct market analysis, and support strategic decision-making through comprehensive financial modeling.",Other
Matthew Jones,Brand Manager,Looking for an opportunity as a Brand Manager to leverage my expertise in pharmacy and make a meaningful impact in the industry.,Other
Jessica Bansal,Unspecified Role,Targeting a Director of Operations position to utilize my educational background and experience to drive results and achieve career objectives.,Other
Karan Martin,Digital Marketing Specialist,Seeking a challenging role as a Dentist where I can apply my skills and knowledge to contribute to organizational success and professional growth.,Other
Charlotte Menon,Financial Analyst,"Looking for a nursing role where I can contribute to patient recovery, health education, and interdisciplinary healthcare team collaboration.",Other
Evelyn Moore,Restaurant Specialist,Looking for an opportunity as a Restaurant Specialist to leverage my expertise in supply chain management and make a meaningful impact in the industry.,Other
Isabella Thomas,Business Development Manager,Seeking a challenging role as a Sales Representative where I can apply my skills and knowledge to contribute to organizational success and professional growth.,Other
Jackson Sharma,Unspecified Role,Seeking a challenging role as a Sales Representative where I can apply my skills and knowledge to contribute to organizational success and professional growth.,Other
Jackson Smith,Operations Manager,Seeking a challenging role as a Salesperson where I can apply my skills and knowledge to contribute to organizational success and professional growth.,Other
Akash Thomas,Restaurant Specialist,Seeking a challenging role as a Restaurant Specialist where I can apply my skills and knowledge to contribute to organizational success and professional growth.,Other
Rahul Williams,Mental Health Practitioner,"Targeting a Mental Health Practitioner position to make a meaningful impact in people's lives through professional counseling, assessment, and treatment planning.",Other
Abhinav Wu,Business Development Manager,Looking for an opportunity as a Human Resources Manager to leverage my expertise in accounting and make a meaningful impact in the industry.,Other
Liam Wilson,Analyst,Seeking a challenging role as a Market Research Analyst where I can apply my skills and knowledge to contribute to organizational success and professional growth.,Other
Ankit Williams,Digital Marketing Specialist,Targeting a Social Media Manager position to utilize my educational background and experience to drive results and achieve career objectives.,Other
Noah Garcia,Manager,Looking for an opportunity as a Human Resources Manager to leverage my expertise in education and make a meaningful impact in the industry.,Other
Harper Gupta,Account Manager,"Looking for a Financial Analyst role where I can apply my analytical skills to evaluate investment opportunities, assess financial performance, and prepare detailed reports.",Other
Abhinav Agarwal,Market Research Analyst,Looking for an opportunity as a Market Research Analyst to leverage my expertise in physics and make a meaningful impact in the industry.,AI Researcher
Arjun Mittal,Manager,Targeting a Social Media Manager position to utilize my educational background and experience to drive results and achieve career objectives.,Other
Liam Johnson,Manager,Looking for a Business Development Manager role where I can utilize my sales expertise and market knowledge to expand business reach and profitability.,Other
Christopher Rao,Operations Manager,Seeking a challenging role as a Operations Manager where I can apply my skills and knowledge to contribute to organizational success and professional growth.,Other
Sneha Rodriguez,Manager,Seeking a challenging role as a Operations Manager where I can apply my skills and knowledge to contribute to organizational success and professional growth.,Other
Sarah Park,Unspecified Role,Targeting a Restaurant Specialist position to utilize my educational background and experience to drive results and achieve career objectives.,Other
James Thompson,Nurse,Targeting a Nurse position to apply my clinical knowledge and caring attitude in delivering comprehensive patient care and support.,Other
Jessica Gupta,Sales Representative,Seeking a challenging role as a Sales Representative where I can apply my skills and knowledge to contribute to organizational success and professional growth.,Other
Ethan Kim,Unspecified Role,Targeting a Director of Operations position to utilize my educational background and experience to drive results and achieve career objectives.,Other
Christopher Zhang,Sales Representative,Targeting a Market Research Analyst position to utilize my educational background and experience to drive results and achieve career objectives.,Other
Evelyn Rodriguez,Manager,Looking for an opportunity as a Social Media Manager to leverage my expertise in psychology and make a meaningful impact in the industry.,Other
Olivia Hernandez,Restaurant Specialist,Seeking a challenging role as a Restaurant Specialist where I can apply my skills and knowledge to contribute to organizational success and professional growth.,Other
Ankit Lee,Financial Analyst,"Looking for a Financial Analyst role where I can apply my analytical skills to evaluate investment opportunities, assess financial performance, and prepare detailed reports.",Other
Michael Chen,Dentist,Looking for an opportunity as a Director of Operations to leverage my expertise in marketing and make a meaningful impact in the industry.,Other
Karan Jain,Counselor,Targeting a Counselor position to utilize my educational background and experience to drive results and achieve career objectives.,Other
Amanda Reddy,Project Manager,Looking for an opportunity as a Project Manager to leverage my expertise in political science and make a meaningful impact in the industry.,Other
Sarah Liu,Counselor,Targeting a Sales Representative position to utilize my educational background and experience to drive results and achieve career objectives.,Other
Aditi Verma,Social Media Manager,Targeting a Social Media Manager position to utilize my educational background and experience to drive results and achieve career objectives.,Other
Harper Gupta,Unspecified Role,Seeking a challenging role as a Restaurant Specialist where I can apply my skills and knowledge to contribute to organizational success and professional growth.,Other
Isabella Johnson,Manager,Looking for an opportunity as a Social Media Manager to leverage my expertise in political science and make a meaningful impact in the industry.,Other
Sophia Park,Unspecified Role,Targeting a Digital Marketing Specialist position to utilize my educational background and experience to drive results and achieve career objectives.,Other
Akash Kim,Business Development Manager,Targeting a Dentist position to utilize my educational background and experience to drive results and achieve career objectives.,Other
Karan Davis,Unspecified Role,Seeking a challenging role as a Director of Operations where I can apply my skills and knowledge to contribute to organizational success and professional growth.,Other
Noah Sharma,Director of Operations,"Targeting a Marketing Manager position to lead marketing campaigns, manage brand positioning, and collaborate with cross-functional teams to drive business growth.",Other
Aditi Johnson,Dentist,Looking for an opportunity as a Dentist to leverage my expertise in business administration and make a meaningful impact in the industry.,Other
Evelyn Patel,Restaurant Specialist,Looking for a role as a Mental Health Practitioner where I can utilize evidence-based therapeutic approaches to support clients in their journey toward mental wellness.,Other
David Lee,Marketing Manager,"Targeting a Marketing Manager position to lead marketing campaigns, manage brand positioning, and collaborate with cross-functional teams to drive business growth.",Other
Priya Lee,Business Development Manager,"Seeking a Business Development Manager position to identify new market opportunities, build strategic partnerships, and drive revenue growth through relationship building.",Other
Ananya Bansal,Analyst,Seeking a challenging role as a Business Analyst where I can apply my skills and knowledge to contribute to organizational success and professional growth.,Other
Evelyn Kumar,Manager,Looking for an opportunity as a Brand Manager to leverage my expertise in supply chain management and make a meaningful impact in the industry.,Other
Alexander Yang,Manager,"Targeting a Business Development Manager position to contribute to organizational growth through strategic planning, client acquisition, and partnership development.",Other
David Hernandez,Manager,Seeking a challenging role as a Project Manager where I can apply my skills and knowledge to contribute to organizational success and professional growth.,Other
Aadhya Thomas,Digital Marketing Specialist,Targeting a Digital Marketing Specialist position to utilize my educational background and experience to drive results and achieve career objectives.,Other
Joshua Wilson,Operations Manager,Targeting a Operations Manager position to utilize my educational background and experience to drive results and achieve career objectives.,Other
Arjun Verma,Manager,Looking for an opportunity as a Social Media Manager to leverage my expertise in economics and make a meaningful impact in the industry.,Other
Sophia Jackson,Manager,Looking for an opportunity as a Social Media Manager to leverage my expertise in supply chain management and make a meaningful impact in the industry.,Other
Ananya Williams,Business Development Manager,Seeking a challenging role as a Project Manager where I can apply my skills and knowledge to contribute to organizational success and professional growth.,Other
Charlotte Yang,Customer Success Manager,Looking for an opportunity as a Customer Success Manager to leverage my expertise in finance and make a meaningful impact in the industry.,Other
Mason Martinez,Financial Analyst,"Targeting a Mental Health Practitioner position to make a meaningful impact in people's lives through professional counseling, assessment, and treatment planning.",Other
Mason Zhou,Manager,Looking for an opportunity as a Social Media Manager to leverage my expertise in human resources and make a meaningful impact in the industry.,Other
Emma Venkatesh,Salesperson,Targeting a Salesperson position to utilize my educational background and experience to drive results and achieve career objectives.,Other
Ananya Kim,Manager,Looking for an opportunity as a Project Manager to leverage my expertise in finance and make a meaningful impact in the industry.,Other
Olivia Yang,Financial Analyst,"Seeking a Financial Analyst position to provide financial insights, conduct market analysis, and support strategic decision-making through comprehensive financial modeling.",Other
Michael Venkatesh,Business Analyst,Seeking a challenging role as a Content Manager where I can apply my skills and knowledge to contribute to organizational success and professional growth.,Other
Noah Reddy,Manager,Seeking a challenging role as a Brand Manager where I can apply my skills and knowledge to contribute to organizational success and professional growth.,Other
Olivia Mittal,Mental Health Practitioner,Looking for an opportunity as a Counselor to leverage my expertise in nursing and make a meaningful impact in the industry.,Other
Priya Rao,Brand Manager,Looking for an opportunity as a Brand Manager to leverage my expertise in mechanical engineering and make a meaningful impact in the industry.,Other
Michael Jain,Sales Representative,Targeting a Sales Representative position to utilize my educational background and experience to drive results and achieve career objectives.,Other
Benjamin Krishnan,Mental Health Practitioner,Targeting a Salesperson position to utilize my educational background and experience to drive results and achieve career objectives.,Other
Priya Mittal,Salesperson,Targeting a Salesperson position to utilize my educational background and experience to drive results and achieve career objectives.,Other
Meera Rodriguez,Account Manager,Looking for an opportunity as a Account Manager to leverage my expertise in architecture and make a meaningful impact in the industry.,Other
Aadhya Subramanian,Financial Analyst,"Seeking a Financial Analyst position to provide financial insights, conduct market analysis, and support strategic decision-making through comprehensive financial modeling.",Other
Kavya Johnson,Business Analyst,Targeting a Business Analyst position to utilize my educational background and experience to drive results and achieve career objectives.,Other
Ananya Pillai,Mental Health Practitioner,Seeking a Mental Health Practitioner position to provide compassionate counseling and therapy services to individuals struggling with mental health challenges.,Other
Aarav Taylor,Nurse,Seeking a challenging role as a Sales Representative where I can apply my skills and knowledge to contribute to organizational success and professional growth.,Other
Ankit Lee,Project Manager,Looking for an opportunity as a Market Research Analyst to leverage my expertise in education and make a meaningful impact in the industry.,Other
Charlotte Smith,Social Media Manager,Seeking a challenging role as a Social Media Manager where I can apply my skills and knowledge to contribute to organizational success and professional growth.,Other
Emily Garcia,Human Resources Manager,Seeking a challenging role as a Human Resources Manager where I can apply my skills and knowledge to contribute to organizational success and professional growth.,Other
Sophia Menon,Dentist,Targeting a Social Media Manager position to utilize my educational background and experience to drive results and achieve career objectives.,Other
Andrew Reddy,Operations Manager,Targeting a Operations Manager position to utilize my educational background and experience to drive results and achieve career objectives.,Other
James Agarwal,Operations Manager,Looking for an opportunity as a Operations Manager to leverage my expertise in biology and make a meaningful impact in the industry.,Other
Lucas Reddy,Social Media Manager,Looking for an opportunity as a Social Media Manager to leverage my expertise in chemistry and make a meaningful impact in the industry.,Other
Sneha Menon,Project Manager,Seeking a challenging role as a Account Manager where I can apply my skills and knowledge to contribute to organizational success and professional growth.,Other
Benjamin Johnson,Business Analyst,Seeking a challenging role as a Salesperson where I can apply my skills and knowledge to contribute to organizational success and professional growth.,Other
Sneha Krishnan,Account Manager,Looking for an opportunity as a Account Manager to leverage my expertise in chemical engineering and make a meaningful impact in the industry.,Other
Arjun Srinivasan,Manager,Targeting a Brand Manager position to utilize my educational background and experience to drive results and achieve career objectives.,Other
Rohan Anderson,Unspecified Role,Looking for an opportunity as a Counselor to leverage my expertise in english literature and make a meaningful impact in the industry.,Other
Joshua Nair,Unspecified Role,Targeting a Digital Marketing Specialist position to utilize my educational background and experience to drive results and achieve career objectives.,Other
Joshua Jain,Market Research Analyst,Looking for an opportunity as a Human Resources Manager to leverage my expertise in marketing and make a meaningful impact in the industry.,AI Researcher
Noah Jackson,Analyst,Seeking a challenging role as a Business Analyst where I can apply my skills and knowledge to contribute to organizational success and professional growth.,Other
Meera Garcia,Marketing Manager,Looking for an opportunity as a Restaurant Specialist to leverage my expertise in marketing and make a meaningful impact in the industry.,Other
Akash Lee,Mental Health Practitioner,Looking for a role as a Mental Health Practitioner where I can utilize evidence-based therapeutic approaches to support clients in their journey toward mental wellness.,Other
Benjamin Jain,Nurse,"Looking for a nursing role where I can contribute to patient recovery, health education, and interdisciplinary healthcare team collaboration.",Other
Noah Hernandez,Dentist,Looking for an opportunity as a Dentist to leverage my expertise in civil engineering and make a meaningful impact in the industry.,Other
Ethan Park,Analyst,"Targeting a Financial Analyst position to contribute to financial planning, budgeting, and forecasting processes while ensuring accuracy and compliance.",Other
Jackson Reddy,Manager,Targeting a Project Manager position to utilize my educational background and experience to drive results and achieve career objectives.,Other
Christopher Martin,Human Resources Manager,Seeking a challenging role as a Human Resources Manager where I can apply my skills and knowledge to contribute to organizational success and professional growth.,Other
Aadhya Miller,Social Media Manager,Looking for an opportunity as a Social Media Manager to leverage my expertise in mechanical engineering and make a meaningful impact in the industry.,Other
Rahul Moore,Content Manager,Looking for an opportunity as a Content Manager to leverage my expertise in political science and make a meaningful impact in the industry.,Other
Lucas Williams,Project Manager,Looking for an opportunity as a Project Manager to leverage my expertise in supply chain management and make a meaningful impact in the industry.,Other
Noah Pillai,Business Analyst,Targeting a Business Analyst position to utilize my educational background and experience to drive results and achieve career objectives.,Other
Michael Verma,Manager,Targeting a Customer Success Manager position to utilize my educational background and experience to drive results and achieve career objectives.,Other
Benjamin Thompson,Brand Manager,Seeking a challenging role as a Restaurant Specialist where I can apply my skills and knowledge to contribute to organizational success and professional growth.,Other
Karan Reddy,Salesperson,Seeking a challenging role as a Social Media Manager where I can apply my skills and knowledge to contribute to organizational success and professional growth.,Other
Liam Rodriguez,Brand Manager,Seeking a challenging role as a Brand Manager where I can apply my skills and knowledge to contribute to organizational success and professional growth.,Other
Kavya Moore,Social Media Manager,Looking for an opportunity as a Social Media Manager to leverage my expertise in business administration and make a meaningful impact in the industry.,Other
Diya Wilson,Social Media Manager,Looking for an opportunity as a Social Media Manager to leverage my expertise in medicine and make a meaningful impact in the industry.,Other
Meera Singh,Brand Manager,Targeting a Brand Manager position to utilize my educational background and experience to drive results and achieve career objectives.,Other
Aisha Reddy,Manager,"Looking for a Marketing Manager role where I can leverage digital marketing, content creation, and data analytics to achieve marketing objectives.",Other
Aadhya Mittal,Unspecified Role,Targeting a Restaurant Specialist position to utilize my educational background and experience to drive results and achieve career objectives.,Other
Liam Martin,Counselor,Seeking a challenging role as a Counselor where I can apply my skills and knowledge to contribute to organizational success and professional growth.,Other
Arjun Agarwal,Business Analyst,Seeking a challenging role as a Project Manager where I can apply my skills and knowledge to contribute to organizational success and professional growth.,Other
Evelyn Hernandez,Unspecified Role,Looking for an opportunity as a Salesperson to leverage my expertise in dentistry and make a meaningful impact in the industry.,Other
Karan Krishnan,Nurse,"Seeking a Registered Nurse position to provide high-quality patient care in a healthcare setting, utilizing clinical skills and compassionate bedside manner.",Other
Sneha Smith,Customer Success Manager,"Looking for a Marketing Manager role where I can leverage digital marketing, content creation, and data analytics to achieve marketing objectives.",Other
Aadhya Brown,Unspecified Role,"Targeting a Mental Health Practitioner position to make a meaningful impact in people's lives through professional counseling, assessment, and treatment planning.",Other
Vikram Krishnan,Unspecified Role,Looking for an opportunity as a Restaurant Specialist to leverage my expertise in finance and make a meaningful impact in the industry.,Other
Olivia White,Sales Representative,Seeking a challenging role as a Sales Representative where I can apply my skills and knowledge to contribute to organizational success and professional growth.,Other
Diya Srinivasan,Manager,"Targeting a Marketing Manager position to lead marketing campaigns, manage brand positioning, and collaborate with cross-functional teams to drive business growth.",Other
Rohan Kim,Social Media Manager,Looking for an opportunity as a Social Media Manager to leverage my expertise in architecture and make a meaningful impact in the industry.,Other
Aarav Thompson,Content Manager,Targeting a Content Manager position to utilize my educational background and experience to drive results and achieve career objectives.,Other
Andrew Menon,Human Resources Manager,Seeking a challenging role as a Brand Manager where I can apply my skills and knowledge to contribute to organizational success and professional growth.,Other
Benjamin Lee,Brand Manager,Looking for an opportunity as a Customer Success Manager to leverage my expertise in medicine and make a meaningful impact in the industry.,Other
Benjamin Krishnan,Analyst,Targeting a Market Research Analyst position to utilize my educational background and experience to drive results and achieve career objectives.,Other
Jackson Iyer,Manager,Looking for a Business Development Manager role where I can utilize my sales expertise and market knowledge to expand business reach and profitability.,Other
Joshua Jackson,Restaurant Specialist,Seeking a challenging role as a Restaurant Specialist where I can apply my skills and knowledge to contribute to organizational success and professional growth.,Other
Karan Gupta,Brand Manager,Looking for an opportunity as a Brand Manager to leverage my expertise in chemical engineering and make a meaningful impact in the industry.,Other
Samantha Agarwal,Content Manager,Looking for an opportunity as a Digital Marketing Specialist to leverage my expertise in civil engineering and make a meaningful impact in the industry.,Other
Michael Menon,Manager,Seeking a challenging role as a Content Manager where I can apply my skills and knowledge to contribute to organizational success and professional growth.,Other
Sneha Martinez,Manager,Seeking a challenging role as a Social Media Manager where I can apply my skills and knowledge to contribute to organizational success and professional growth.,Other
Akash Anderson,Manager,Targeting a Customer Success Manager position to utilize my educational background and experience to drive results and achieve career objectives.,Other
Karan Rao,Dentist,Targeting a Business Analyst position to utilize my educational background and experience to drive results and achieve career objectives.,Other
Vikram Davis,Financial Analyst,"Seeking a Financial Analyst position to provide financial insights, conduct market analysis, and support strategic decision-making through comprehensive financial modeling.",Other
Ankit Liu,Business Analyst,Targeting a Business Analyst position to utilize my educational background and experience to drive results and achieve career objectives.,Other
Karan Subramanian,Project Manager,"Looking for a nursing role where I can contribute to patient recovery, health education, and interdisciplinary healthcare team collaboration.",Other
Arya Wu,Nurse,"Seeking a Registered Nurse position to provide high-quality patient care in a healthcare setting, utilizing clinical skills and compassionate bedside manner.",Other
Priya Smith,Analyst,Targeting a Business Analyst position to utilize my educational background and experience to drive results and achieve career objectives.,Other
Sneha Jain,Social Media Manager,Seeking a challenging role as a Social Media Manager where I can apply my skills and knowledge to contribute to organizational success and professional growth.,Other
Liam Rodriguez,Business Development Manager,Looking for an opportunity as a Project Manager to leverage my expertise in education and make a meaningful impact in the industry.,Other
Aryan Singh,Manager,Seeking a challenging role as a Project Manager where I can apply my skills and knowledge to contribute to organizational success and professional growth.,Other
Meera Thomas,Unspecified Role,Targeting a Dentist position to utilize my educational background and experience to drive results and achieve career objectives.,Other
Vikram Zhou,Market Research Analyst,Seeking a challenging role as a Market Research Analyst where I can apply my skills and knowledge to contribute to organizational success and professional growth.,AI Researcher
James Jones,Financial Analyst,"Looking for a Financial Analyst role where I can apply my analytical skills to evaluate investment opportunities, assess financial performance, and prepare detailed reports.",Other
Aarav Jain,Operations Manager,Looking for an opportunity as a Restaurant Specialist to leverage my expertise in mechanical engineering and make a meaningful impact in the industry.,Other
Ananya Bansal,Operations Manager,Looking for an opportunity as a Operations Manager to leverage my expertise in journalism and make a meaningful impact in the industry.,Other
Andrew White,Manager,Targeting a Human Resources Manager position to utilize my educational background and experience to drive results and achieve career objectives.,Other
Samantha Jones,Market Research Analyst,Looking for an opportunity as a Market Research Analyst to leverage my expertise in nursing and make a meaningful impact in the industry.,AI Researcher
Ava Zhou,Manager,Looking for an opportunity as a Social Media Manager to leverage my expertise in physics and make a meaningful impact in the industry.,Other
Aisha Liu,Analyst,"Looking for a Financial Analyst role where I can apply my analytical skills to evaluate investment opportunities, assess financial performance, and prepare detailed reports.",Other
Vikram Iyer,Director of Operations,"Looking for a nursing role where I can contribute to patient recovery, health education, and interdisciplinary healthcare team collaboration.",Other
Andrew Sharma,Unspecified Role,Seeking a challenging role as a Director of Operations where I can apply my skills and knowledge to contribute to organizational success and professional growth.,Other
Vikram Miller,Social Media Manager,Looking for an opportunity as a Social Media Manager to leverage my expertise in physics and make a meaningful impact in the industry.,Other
Ananya Jackson,Manager,Seeking a challenging role as a Content Manager where I can apply my skills and knowledge to contribute to organizational success and professional growth.,Other
Aryan Johnson,Manager,"Seeking a Marketing Manager position to develop and execute comprehensive marketing strategies that drive brand awareness, customer engagement, and revenue growth.",Other
Akash Moore,Director of Operations,Looking for an opportunity as a Director of Operations to leverage my expertise in business administration and make a meaningful impact in the industry.,Other
Emma Krishnan,Project Manager,Targeting a Project Manager position to utilize my educational background and experience to drive results and achieve career objectives.,Other
Sophia Yang,Nurse,Looking for a Business Development Manager role where I can utilize my sales expertise and market knowledge to expand business reach and profitability.,Other
Matthew Martin,Customer Success Manager,Seeking a challenging role as a Human Resources Manager where I can apply my skills and knowledge to contribute to organizational success and professional growth.,Other
Abhinav Menon,Unspecified Role,Looking for an opportunity as a Sales Representative to leverage my expertise in finance and make a meaningful impact in the industry.,Other
Olivia Garcia,Unspecified Role,Looking for an opportunity as a Counselor to leverage my expertise in economics and make a meaningful impact in the industry.,Other
Isabella Anderson,Financial Analyst,"Seeking a Financial Analyst position to provide financial insights, conduct market analysis, and support strategic decision-making through comprehensive financial modeling.",Other
Aadhya Menon,Manager,Seeking a challenging role as a Project Manager where I can apply my skills and knowledge to contribute to organizational success and professional growth.,Other
Ankit Mittal,Manager,Seeking a challenging role as a Operations Manager where I can apply my skills and knowledge to contribute to organizational success and professional growth.,Other
Ethan Anderson,Analyst,"Targeting a Financial Analyst position to contribute to financial planning, budgeting, and forecasting processes while ensuring accuracy and compliance.",Other
Amelia Miller,Mental Health Practitioner,Seeking a Mental Health Practitioner position to provide compassionate counseling and therapy services to individuals struggling with mental health challenges.,Other
Matthew Agarwal,Customer Success Manager,Targeting a Customer Success Manager position to utilize my educational background and experience to drive results and achieve career objectives.,Other
Arjun Miller,Unspecified Role,Looking for an opportunity as a Restaurant Specialist to leverage my expertise in chemistry and make a meaningful impact in the industry.,Other
Andrew Menon,Brand Manager,Looking for an opportunity as a Brand Manager to leverage my expertise in chemical engineering and make a meaningful impact in the industry.,Other
Sarah Nair,Customer Success Manager,Targeting a Project Manager position to utilize my educational background and experience to drive results and achieve career objectives.,Other
James Yang,Business Development Manager,"Targeting a Business Development Manager position to contribute to organizational growth through strategic planning, client acquisition, and partnership development.",Other
Samantha Miller,Business Development Manager,"Seeking a Business Development Manager position to identify new market opportunities, build strategic partnerships, and drive revenue growth through relationship building.",Other
Ava Anderson,Business Development Manager,"Seeking a Business Development Manager position to identify new market opportunities, build strategic partnerships, and drive revenue growth through relationship building.",Other
Charlotte Wu,Business Development Manager,"Targeting a Business Development Manager position to contribute to organizational growth through strategic planning, client acquisition, and partnership development.",Other
Abhinav Wilson,Manager,"Looking for a Marketing Manager role where I can leverage digital marketing, content creation, and data analytics to achieve marketing objectives.",Other
Sophia White,Human Resources Manager,Targeting a Human Resources Manager position to utilize my educational background and experience to drive results and achieve career objectives.,Other
Ananya Hernandez,Market Research Analyst,Seeking a challenging role as a Market Research Analyst where I can apply my skills and knowledge to contribute to organizational success and professional growth.,AI Researcher
Lucas Jackson,Analyst,Seeking a challenging role as a Market Research Analyst where I can apply my skills and knowledge to contribute to organizational success and professional growth.,Other
Isabella Pillai,Restaurant Specialist,Targeting a Restaurant Specialist position to utilize my educational background and experience to drive results and achieve career objectives.,Other
Samantha Sharma,Project Manager,Seeking a challenging role as a Project Manager where I can apply my skills and knowledge to contribute to organizational success and professional growth.,Other
Diya Anderson,Director of Operations,Looking for an opportunity as a Director of Operations to leverage my expertise in sociology and make a meaningful impact in the industry.,Other
Christopher Jackson,Customer Success Manager,Seeking a challenging role as a Brand Manager where I can apply my skills and knowledge to contribute to organizational success and professional growth.,Other
Christopher Hernandez,Dentist,Seeking a challenging role as a Dentist where I can apply my skills and knowledge to contribute to organizational success and professional growth.,Other
Aadhya Zhou,Human Resources Manager,Targeting a Human Resources Manager position to utilize my educational background and experience to drive results and achieve career objectives.,Other
Jackson Brown,Unspecified Role,Targeting a Digital Marketing Specialist position to utilize my educational background and experience to drive results and achieve career objectives.,Other
Aarav Zhou,Marketing Manager,"Seeking a Marketing Manager position to develop and execute comprehensive marketing strategies that drive brand awareness, customer engagement, and revenue growth.",Other
Ashley Nair,Operations Manager,Targeting a Operations Manager position to utilize my educational background and experience to drive results and achieve career objectives.,Other
Amelia Chen,Manager,Targeting a Account Manager position to utilize my educational background and experience to drive results and achieve career objectives.,Other
Meera Menon,Marketing Manager,"Looking for a Marketing Manager role where I can leverage digital marketing, content creation, and data analytics to achieve marketing objectives.",Other
Emma Verma,Unspecified Role,Looking for an opportunity as a Digital Marketing Specialist to leverage my expertise in english literature and make a meaningful impact in the industry.,Other
Diya Johnson,Manager,Seeking a challenging role as a Human Resources Manager where I can apply my skills and knowledge to contribute to organizational success and professional growth.,Other
Ashley Mittal,Manager,Seeking a challenging role as a Human Resources Manager where I can apply my skills and knowledge to contribute to organizational success and professional growth.,Other
Ananya Hernandez,Unspecified Role,Looking for an opportunity as a Digital Marketing Specialist to leverage my expertise in journalism and make a meaningful impact in the industry.,Other
Aditi Brown,Analyst,Looking for an opportunity as a Business Analyst to leverage my expertise in business administration and make a meaningful impact in the industry.,Other
Mason Iyer,Manager,Targeting a Human Resources Manager position to utilize my educational background and experience to drive results and achieve career objectives.,Other
Diya Hernandez,Financial Analyst,"Seeking a Financial Analyst position to provide financial insights, conduct market analysis, and support strategic decision-making through comprehensive financial modeling.",Other
James Subramanian,Restaurant Specialist,Targeting a Restaurant Specialist position to utilize my educational background and experience to drive results and achieve career objectives.,Other
Aarav Srinivasan,Customer Success Manager,Looking for an opportunity as a Customer Success Manager to leverage my expertise in civil engineering and make a meaningful impact in the industry.,Other
Jackson Hernandez,Salesperson,Seeking a challenging role as a Salesperson where I can apply my skills and knowledge to contribute to organizational success and professional growth.,Other
Amelia Wang,Business Analyst,Targeting a Customer Success Manager position to utilize my educational background and experience to drive results and achieve career objectives.,Other
Aisha Bansal,engineer,Looking for an opportunity as a Digital Marketing Specialist to leverage my expertise in chemical engineering and make a meaningful impact in the industry.,Other
Michael Moore,Financial Analyst,Seeking a challenging role as a Sales Representative where I can apply my skills and knowledge to contribute to organizational success and professional growth.,Other
Charlotte Zhou,Content Manager,Seeking a challenging role as a Restaurant Specialist where I can apply my skills and knowledge to contribute to organizational success and professional growth.,Other
Arjun Moore,Unspecified Role,Seeking a challenging role as a Salesperson where I can apply my skills and knowledge to contribute to organizational success and professional growth.,Other
Isabella Zhang,Unspecified Role,"Targeting a Mental Health Practitioner position to make a meaningful impact in people's lives through professional counseling, assessment, and treatment planning.",Other
Alexander Martinez,Manager,Targeting a Social Media Manager position to utilize my educational background and experience to drive results and achieve career objectives.,Other
Rahul Jackson,Manager,Seeking a challenging role as a Content Manager where I can apply my skills and knowledge to contribute to organizational success and professional growth.,Other
Priya Park,Human Resources Manager,Targeting a Human Resources Manager position to utilize my educational background and experience to drive results and achieve career objectives.,Other
Emma Wilson,Digital Marketing Specialist,Seeking a challenging role as a Digital Marketing Specialist where I can apply my skills and knowledge to contribute to organizational success and professional growth.,Other
Abhinav Mittal,Sales Representative,Looking for an opportunity as a Sales Representative to leverage my expertise in human resources and make a meaningful impact in the industry.,Other
Rahul Jackson,Marketing Manager,"Targeting a Marketing Manager position to lead marketing campaigns, manage brand positioning, and collaborate with cross-functional teams to drive business growth.",Other
Jackson Park,Unspecified Role,Looking for an opportunity as a Restaurant Specialist to leverage my expertise in marketing and make a meaningful impact in the industry.,Other
Kavya Yang,Director of Operations,Seeking a challenging role as a Director of Operations where I can apply my skills and knowledge to contribute to organizational success and professional growth.,Other
Aadhya Liu,Manager,Looking for an opportunity as a Project Manager to leverage my expertise in finance and make a meaningful impact in the industry.,Other
Amelia Zhou,Analyst,Looking for an opportunity as a Business Analyst to leverage my expertise in medicine and make a meaningful impact in the industry.,Other
Isabella Wang,Content Manager,Targeting a Counselor position to utilize my educational background and experience to drive results and achieve career objectives.,Other
Emma Singh,Manager,Looking for an opportunity as a Content Manager to leverage my expertise in education and make a meaningful impact in the industry.,Other
Kavya Davis,Manager,"Seeking a Business Development Manager position to identify new market opportunities, build strategic partnerships, and drive revenue growth through relationship building.",Other
Diya Reddy,Customer Success Manager,Seeking a challenging role as a Customer Success Manager where I can apply my skills and knowledge to contribute to organizational success and professional growth.,Other
Karan Krishnan,Manager,"Seeking a Marketing Manager position to develop and execute comprehensive marketing strategies that drive brand awareness, customer engagement, and revenue growth.",Other
Joshua Hernandez,Customer Success Manager,Seeking a challenging role as a Social Media Manager where I can apply my skills and knowledge to contribute to organizational success and professional growth.,Other
Amanda Iyer,Restaurant Specialist,Seeking a challenging role as a Restaurant Specialist where I can apply my skills and knowledge to contribute to organizational success and professional growth.,Other
Diya Miller,Manager,Looking for an opportunity as a Human Resources Manager to leverage my expertise in operations management and make a meaningful impact in the industry.,Other
Benjamin Rao,Restaurant Specialist,Targeting a Restaurant Specialist position to utilize my educational background and experience to drive results and achieve career objectives.,Other
Noah Rodriguez,Business Development Manager,Looking for a Business Development Manager role where I can utilize my sales expertise and market knowledge to expand business reach and profitability.,Other
Aarav Thompson,Social Media Manager,Looking for an opportunity as a Social Media Manager to leverage my expertise in sociology and make a meaningful impact in the industry.,Other
Sophia Chen,Operations Manager,Targeting a Operations Manager position to utilize my educational background and experience to drive results and achieve career objectives.,Other
James Martinez,Business Analyst,"Targeting a Financial Analyst position to contribute to financial planning, budgeting, and forecasting processes while ensuring accuracy and compliance.",Other
Meera Menon,Financial Analyst,"Targeting a Financial Analyst position to contribute to financial planning, budgeting, and forecasting processes while ensuring accuracy and compliance.",Other
Evelyn Kumar,Manager,Looking for an opportunity as a Operations Manager to leverage my expertise in human resources and make a meaningful impact in the industry.,Other
Harper Rao,Human Resources Manager,Looking for an opportunity as a Content Manager to leverage my expertise in accounting and make a meaningful impact in the industry.,Other
Karan Srinivasan,Operations Manager,Seeking a challenging role as a Operations Manager where I can apply my skills and knowledge to contribute to organizational success and professional growth.,Other
Harper Venkatesh,Analyst,Targeting a Business Analyst position to utilize my educational background and experience to drive results and achieve career objectives.,Other
Priya Anderson,Unspecified Role,Seeking a challenging role as a Director of Operations where I can apply my skills and knowledge to contribute to organizational success and professional growth.,Other
Aadhya Liu,Digital Marketing Specialist,Looking for an opportunity as a Digital Marketing Specialist to leverage my expertise in nursing and make a meaningful impact in the industry.,Other
Amelia Martinez,Human Resources Manager,Targeting a Human Resources Manager position to utilize my educational background and experience to drive results and achieve career objectives.,Other
Abhinav Lee,Social Media Manager,Seeking a challenging role as a Social Media Manager where I can apply my skills and knowledge to contribute to organizational success and professional growth.,Other
Harper Smith,Account Manager,Targeting a Account Manager position to utilize my educational background and experience to drive results and achieve career objectives.,Other
Noah Srinivasan,Sales Representative,Targeting a Sales Representative position to utilize my educational background and experience to drive results and achieve career objectives.,Other
Sophia Srinivasan,Business Development Manager,"Targeting a Business Development Manager position to contribute to organizational growth through strategic planning, client acquisition, and partnership development.",Other
Vikram Liu,Business Development Manager,"Targeting a Business Development Manager position to contribute to organizational growth through strategic planning, client acquisition, and partnership development.",Other
Isabella Patel,Dentist,Targeting a Dentist position to utilize my educational background and experience to drive results and achieve career objectives.,Other
Andrew Hernandez,Manager,Looking for an opportunity as a Content Manager to leverage my expertise in psychology and make a meaningful impact in the industry.,Other
Arjun Sharma,Manager,Seeking a challenging role as a Human Resources Manager where I can apply my skills and knowledge to contribute to organizational success and professional growth.,Other
Ava Reddy,Analyst,"Looking for a Financial Analyst role where I can apply my analytical skills to evaluate investment opportunities, assess financial performance, and prepare detailed reports.",Other
Benjamin Miller,Unspecified Role,Targeting a Salesperson position to utilize my educational background and experience to drive results and achieve career objectives.,Other
Andrew Jones,Project Manager,Seeking a challenging role as a Dentist where I can apply my skills and knowledge to contribute to organizational success and professional growth.,Other
Diya Zhou,Digital Marketing Specialist,Looking for an opportunity as a Digital Marketing Specialist to leverage my expertise in dentistry and make a meaningful impact in the industry.,Other
Alexander Venkatesh,Nurse,Targeting a Nurse position to apply my clinical knowledge and caring attitude in delivering comprehensive patient care and support.,Other
Aarav Anderson,Social Media Manager,Looking for an opportunity as a Social Media Manager to leverage my expertise in business administration and make a meaningful impact in the industry.,Other
Karan Verma,Unspecified Role,Targeting a Nurse position to apply my clinical knowledge and caring attitude in delivering comprehensive patient care and support.,Other
Harper Yang,Manager,Seeking a challenging role as a Account Manager where I can apply my skills and knowledge to contribute to organizational success and professional growth.,Other
Harper Verma,Financial Analyst,"Targeting a Financial Analyst position to contribute to financial planning, budgeting, and forecasting processes while ensuring accuracy and compliance.",Other
Christopher Gupta,Marketing Manager,Seeking a challenging role as a Dentist where I can apply my skills and knowledge to contribute to organizational success and professional growth.,Other
Arjun White,Project Manager,Targeting a Market Research Analyst position to utilize my educational background and experience to drive results and achieve career objectives.,Other
Sarah Thompson,Human Resources Manager,Looking for an opportunity as a Human Resources Manager to leverage my expertise in dentistry and make a meaningful impact in the industry.,Other
Joshua Brown,Dentist,Seeking a challenging role as a Dentist where I can apply my skills and knowledge to contribute to organizational success and professional growth.,Other
Vikram Verma,Dentist,Seeking a challenging role as a Dentist where I can apply my skills and knowledge to contribute to organizational success and professional growth.,Other
Aarav Kim,Content Manager,Targeting a Content Manager position to utilize my educational background and experience to drive results and achieve career objectives.,Other
Sneha Park,Nurse,"Seeking a Registered Nurse position to provide high-quality patient care in a healthcare setting, utilizing clinical skills and compassionate bedside manner.",Other
Joshua Agarwal,Account Manager,Targeting a Account Manager position to utilize my educational background and experience to drive results and achieve career objectives.,Other
Sophia Iyer,Account Manager,"Looking for a nursing role where I can contribute to patient recovery, health education, and interdisciplinary healthcare team collaboration.",Other
Ankit Wilson,Project Manager,Looking for an opportunity as a Project Manager to leverage my expertise in operations management and make a meaningful impact in the industry.,Other
Meera Rodriguez,Marketing Manager,"Targeting a Marketing Manager position to lead marketing campaigns, manage brand positioning, and collaborate with cross-functional teams to drive business growth.",Other
Jessica Mittal,Analyst,"Seeking a Financial Analyst position to provide financial insights, conduct market analysis, and support strategic decision-making through comprehensive financial modeling.",Other
Sophia Johnson,Customer Success Manager,Targeting a Customer Success Manager position to utilize my educational background and experience to drive results and achieve career objectives.,Other
Ankit Taylor,Salesperson,Targeting a Salesperson position to utilize my educational background and experience to drive results and achieve career objectives.,Other
Ananya Moore,Market Research Analyst,Targeting a Market Research Analyst position to utilize my educational background and experience to drive results and achieve career objectives.,AI Researcher
Arjun Menon,Account Manager,Looking for an opportunity as a Account Manager to leverage my expertise in medicine and make a meaningful impact in the industry.,Other
Harper Patel,Marketing Manager,"Looking for a Financial Analyst role where I can apply my analytical skills to evaluate investment opportunities, assess financial performance, and prepare detailed reports.",Other
Rahul Taylor,Manager,Seeking a challenging role as a Human Resources Manager where I can apply my skills and knowledge to contribute to organizational success and professional growth.,Other
Noah Garcia,Financial Analyst,"Seeking a Financial Analyst position to provide financial insights, conduct market analysis, and support strategic decision-making through comprehensive financial modeling.",Other
Aisha Krishnan,Financial Analyst,"Targeting a Financial Analyst position to contribute to financial planning, budgeting, and forecasting processes while ensuring accuracy and compliance.",Other
Emily Anderson,Unspecified Role,Looking for an opportunity as a Restaurant Specialist to leverage my expertise in nursing and make a meaningful impact in the industry.,Other
Lucas Hernandez,Unspecified Role,Targeting a Digital Marketing Specialist position to utilize my educational background and experience to drive results and achieve career objectives.,Other
Aadhya Rodriguez,Human Resources Manager,Looking for an opportunity as a Human Resources Manager to leverage my expertise in medicine and make a meaningful impact in the industry.,Other
Noah Srinivasan,Unspecified Role,Looking for an opportunity as a Restaurant Specialist to leverage my expertise in marketing and make a meaningful impact in the industry.,Other
Ananya Singh,Director of Operations,Looking for an opportunity as a Director of Operations to leverage my expertise in architecture and make a meaningful impact in the industry.,Other
Ava Johnson,Unspecified Role,"Seeking a Registered Nurse position to provide high-quality patient care in a healthcare setting, utilizing clinical skills and compassionate bedside manner.",Other
Emma Rodriguez,Social Media Manager,Seeking a challenging role as a Social Media Manager where I can apply my skills and knowledge to contribute to organizational success and professional growth.,Other
Amelia Jackson,Social Media Manager,Seeking a challenging role as a Social Media Manager where I can apply my skills and knowledge to contribute to organizational success and professional growth.,Other
Ankit Wu,Counselor,Seeking a challenging role as a Counselor where I can apply my skills and knowledge to contribute to organizational success and professional growth.,Other
Mason Johnson,Counselor,Looking for an opportunity as a Salesperson to leverage my expertise in supply chain management and make a meaningful impact in the industry.,Other
Sarah Garcia,Brand Manager,Seeking a challenging role as a Brand Manager where I can apply my skills and knowledge to contribute to organizational success and professional growth.,Other
Lucas Rao,Unspecified Role,Looking for an opportunity as a Counselor to leverage my expertise in chemistry and make a meaningful impact in the industry.,Other
Ethan Zhou,Digital Marketing Specialist,Looking for an opportunity as a Digital Marketing Specialist to leverage my expertise in biology and make a meaningful impact in the industry.,Other
Priya Gupta,Manager,"Looking for a Marketing Manager role where I can leverage digital marketing, content creation, and data analytics to achieve marketing objectives.",Other
